"lon","lat","unc"
-97.927435,29.321697,NA
-98.593825,29.41164,44
-118.009277,33.694546,3
-96.785039,33.103608,NA
-116.956178,33.034978,5
-117.24682,32.939255,6
-98.728365,30.218173,3
-97.61082,30.459893,2
-117.794538,33.570028,8
-99.141279,30.138268,12
-100.336987,29.861152,5
-98.729252,30.217082,6
-117.94093,33.658793,141
-117.738877,33.839143,56
-117.94093,33.658793,141
-117.710255,33.462203,6
-99.014244,30.408425,3
-117.243178,32.668046,3
-117.21475,32.778059,144
-112.315995,33.901008,9
-111.086617,33.650047,3
-111.101345,33.256838,NA
-97.600236,30.455903,8
-121.808674,37.280325,14
-117.401913,33.830238,99
-116.89975,32.826887,3
-117.940172,33.662871,NA
-111.82195,34.873802,NA
-117.27417,33.003922,4
-98.309852,29.632226,3
-98.691818,29.452275,4
-121.502297,36.760183,69
-98.789208,30.506771,23
-98.085227,30.187277,NA
-98.339196,29.676958,11
-121.796837,37.714928,3
-98.579108,29.262734,3
-98.61605,29.583777,5
-98.406687,29.518917,2
-117.892442,33.644561,NA
-117.819271,33.855644,10
-117.756295,33.573813,2
-117.959698,33.632887,5
-98.451732,29.301992,4
-122.181774,37.79909,4
-117.233078,32.839662,7
-122.182708,37.798187,71
-117.026317,32.812476,48
-112.206525,33.641392,NA
-110.85407,32.200304,19
-112.195053,32.968033,3
-111.784535,34.87198,NA
-110.922975,32.216162,3
-110.73718,32.180441,412
-110.987525,32.454859,9
-118.418086,33.896455,38
-118.971155,34.155642,2
-98.856046,30.295324,3
-117.76216,33.783456,66
-96.777407,32.838767,61
-98.514523,29.637138,3
-98.451679,29.546182,5
-111.706584,33.427855,50
-118.098033,34.175606,NA
-98.216861,29.578102,8
-98.217379,29.577832,5
-117.947371,34.120006,NA
-119.535259,34.027772,12
-98.446806,29.553226,27
-98.818414,29.885611,4
-117.959694,33.632408,4
-117.764375,33.60809,3
-98.446059,29.553645,3
-99.417343,29.989852,9
-97.757995,30.416563,2
-98.362247,29.556064,5
-98.367767,30.743308,3
-98.366791,30.742283,4
-98.126219,29.72093,6
-119.784186,34.054081,14
-119.786138,34.057061,4
-98.446834,29.55323,6
-117.451686,33.83375,6
-117.934994,33.660981,NA
-117.84085,33.578228,71
-99.755802,31.409839,7
-117.778672,33.591748,204
-117.275319,33.014264,NA
-119.800178,34.044311,6
-117.3591,33.168927,4
-98.291698,29.561834,195
-117.881286,33.652851,63
-117.813103,33.921745,19
-117.370825,33.775728,NA
-117.805542,33.593772,6
-98.630225,29.560017,5
-116.657502,33.990322,NA
-117.556317,33.634144,NA
-98.334655,29.68235,3
-118.010819,33.697053,NA
-118.024179,33.684938,4
-117.126346,34.109355,82
-112.024597,33.684624,NA
-118.441795,33.354892,3
-98.565984,29.578955,15
-117.958387,33.632474,4
-117.944733,34.116325,NA
-117.139996,32.638231,3
-110.947647,32.2869,4
-118.05532,33.710279,737
-110.72602,32.216163,3
-110.902055,32.275401,15
-110.827827,32.087223,NA
-118.881575,34.171433,3
-110.826843,32.08773,NA
-116.560545,32.914211,NA
-97.710701,30.888159,NA
-117.945123,34.117346,18
-117.959316,33.632125,8
-98.069189,30.617109,223
-98.372308,31.511009,14
-117.638849,33.698501,NA
-110.731415,32.184196,3
-97.729377,30.664609,170
-111.960983,33.895816,3
-119.198372,34.291073,112
-119.763339,34.054008,NA
-98.471679,29.602982,3
-111.16841,33.280047,NA
-97.713797,30.886775,189
-110.951806,32.287781,14
-110.887464,32.243581,4
-98.371646,31.51113,5
-117.012347,32.890499,8
-117.180488,32.892617,10
-118.59973,33.029797,6
-96.784264,33.103044,NA
-117.012404,32.890455,7
-118.372468,34.468695,NA
-118.726876,34.098889,8
-118.325172,34.126972,21
-117.815939,34.059643,635
-118.382825,33.745476,2
-119.729618,34.030023,5
-99.204927,30.309027,9
-121.2263,36.477242,NA
-118.704925,34.031014,4
-118.097572,34.175993,92
-118.098514,34.179046,67
-97.770605,29.306137,2
-97.65907,29.073747,78
-98.442309,29.593683,4
-97.734198,30.496318,7
-117.764439,33.781814,NA
-110.729392,32.240403,9
-117.567228,33.560172,NA
-111.114929,33.284498,NA
-121.815055,37.513163,14
-96.845089,33.050442,NA
-99.713408,32.461333,8
-118.326478,33.7711,16
-96.845036,33.050466,6
-117.765847,33.781728,NA
-98.564134,29.574424,4
-118.706803,34.049389,4
-118.51352,34.05515,5
-110.899268,32.273183,8
-110.724411,32.204247,3
-118.077415,33.773237,37
-117.149801,32.947431,4
-118.325974,34.129796,3
-117.231514,32.907933,530
-116.751717,32.791378,13
-117.523327,34.173762,3
-117.44372,34.039134,5
-98.565546,29.612489,NA
-116.71919,33.134262,NA
-96.854363,33.045561,NA
-118.759208,34.150161,3
-117.204667,33.106522,23
-98.143577,31.694173,3
-117.10749,32.837468,70
-119.262505,34.246742,4
-110.811596,32.243738,NA
-116.658988,33.992092,NA
-97.972053,30.36573,9
-112.380958,33.382808,54
-117.60329,33.666696,189
-116.717991,32.780999,3
-98.578639,29.55332,4
-118.201282,34.099443,3
-96.847583,33.048839,NA
-99.474437,30.766383,10
-98.855931,30.295244,11
-122.126503,37.73028,18
-98.316199,29.636729,6
-117.523347,34.173738,2
-117.124667,33.0839,NA
-117.079666,33.560429,1
-117.124655,33.0839,2
-117.793175,33.803707,3
-118.450465,32.88559,938
-117.148175,32.720719,NA
-117.142505,32.880877,4
-118.758212,34.149936,3
-117.222337,33.086947,8
-117.176517,32.799607,8
-116.895858,32.821678,5
-111.815016,33.876523,252
-117.169375,33.065383,NA
-117.05465,32.8189,4
-117.156157,33.075846,2
-116.855416,32.829983,16
-117.043919,32.789727,218
-117.844113,33.639304,4
-120.278945,34.62308,3
-117.738967,33.772263,80
-119.000627,34.169827,NA
-116.843187,33.68838,5
-117.248667,32.875461,NA
-118.611677,34.27404,4
-118.148675,34.206517,3
-117.052705,32.817914,5
-98.335717,29.681728,3
-120.278972,34.623058,NA
-117.235117,32.999645,4
-117.246922,32.87581,6
-117.036882,32.927744,73
-98.410195,29.232745,6
-117.092239,32.89583,72
-117.229143,32.752964,4
-116.566055,32.848933,4
-117.058396,32.820652,331
-119.843315,35.126415,14
-116.569269,32.87399,NA
-97.794986,30.610232,6
-116.936956,33.01963,27
-117.078888,32.823002,NA
-97.522775,30.285572,2
-117.055667,32.819111,NA
-117.140011,33.580958,NA
-118.511375,34.086681,7
-117.155446,33.076268,4
-122.085769,37.29178,4
-97.46692,31.198105,3
-117.159095,34.022793,4
-118.498086,34.365465,NA
-97.837195,30.092982,43
-118.052444,33.70417,7
-117.273647,33.004822,NA
-117.077942,32.542345,2
-97.927375,29.321845,6
-98.023693,30.507195,5
-97.852548,30.095614,39
-117.010613,32.817848,NA
-117.011017,32.819805,NA
-117.020476,32.815257,5
-98.614075,29.583103,9
-97.810689,30.143462,1
-117.28727,33.170065,6
-110.988418,32.455141,6
-117.182276,33.155685,5
-97.780345,30.339602,9
-117.153886,33.573742,NA
-117.255356,33.228633,8
-121.211473,36.498657,24
-117.73916,33.77196,17
-118.810474,34.039544,NA
-117.224363,33.089283,25
-111.308587,33.8665,10
-116.951892,33.027025,NA
-117.155856,33.875865,4
-98.57405,29.621603,4
-119.24823,34.203203,4
-97.77738,30.504112,17
-117.167315,32.951199,4
-116.997158,32.843925,8
-117.058396,32.820652,331
-117.949698,33.650096,535
-99.115138,30.009931,4
-116.914676,32.772418,7
-118.02227,34.198029,7
-117.248641,32.875451,4
-118.193195,34.145751,NA
-117.056122,34.047439,14
-116.989783,33.09847,3
-116.566612,32.849022,6
-117.117617,32.930838,6
-117.094627,34.046227,8
-117.828722,34.058842,10
-117.078253,32.823254,126
-121.211622,36.49857,4
-117.230208,32.796011,5
-97.859279,30.648124,4
-117.764956,33.582638,11
-96.847653,33.048896,168
-116.856086,32.828767,3
-118.622772,34.259412,5
-117.144556,32.737315,4
-117.077526,32.823099,NA
-117.248803,32.943344,5
-117.847532,33.654167,50
-116.987662,33.077255,10
-117.830225,34.159555,3
-120.234275,34.48147,2
-117.062067,32.820288,20
-118.991111,34.067736,4
-116.868943,32.734376,51
-116.847202,32.771759,5
-116.795341,32.873934,8
-117.742822,33.777356,39
-117.125756,32.778498,75
-117.144917,33.079789,5
-117.086192,32.826803,NA
-118.38262,33.743992,4
-98.089853,30.220896,4
-117.323609,33.970483,61
-117.011822,32.828828,NA
-98.085828,30.218345,9
-118.042397,33.695328,18
-117.830919,34.056269,4
-98.565554,29.612328,NA
-98.034139,30.034262,3
-119.59268,37.003642,5
-98.309337,29.632585,3
-121.968492,37.88198,3
-117.037369,32.795803,2
-116.713134,33.009009,NA
-117.523351,34.173731,3
-117.88864,33.653403,NA
-96.846344,33.048311,NA
-97.80935,30.141558,35
-110.718672,32.174311,NA
-116.665587,32.745872,636
-117.072769,32.829003,6
-117.096389,32.893917,NA
-121.780833,37.643669,NA
-98.628845,29.557635,NA
-118.358189,34.270127,NA
-117.125962,32.778467,8
-118.61567,34.260522,4
-117.115464,32.929757,NA
-117.755201,33.836118,NA
-116.990964,32.794792,15
-121.211571,36.498514,6
-118.025037,33.683892,2
-117.229722,32.886917,24
-117.021078,32.820614,111
-117.030511,33.063489,NA
-117.843216,33.641018,34
-117.826456,34.058788,3
-98.502825,29.55736,9
-97.859405,30.647538,2
-97.844089,30.575459,6
-118.83922,34.301063,5
-116.856247,32.828636,3
-117.231972,33.092639,22
-122.504539,38.446339,7
-97.83813,30.518588,4
-99.169237,30.061672,96
-122.091561,37.556637,4
-98.130347,30.672158,3
-117.247469,33.152479,NA
-98.484162,29.402333,4
-98.505944,29.649675,586
-98.439689,29.593824,3
-98.498749,29.31222,NA
-98.821056,29.882292,541
-97.486375,32.848218,1
-118.34266,33.826477,144
-98.496293,29.300364,788
-117.143975,34.122761,25
-98.500142,29.311753,55
-116.362392,32.672094,NA
-97.642897,30.685392,9
-118.187803,34.074205,6
-97.862882,30.170144,4
-118.358505,34.10805,2
-96.845103,33.050361,NA
-117.217525,32.864725,NA
-118.583505,34.092458,103
-120.234274,34.481469,2
-121.959838,37.438983,8
-117.186772,32.778389,NA
-98.500221,29.311806,NA
-99.125156,30.070319,45
-118.360437,34.108411,3
-117.060679,32.821637,9
-117.925622,34.15262,4
-117.945817,34.119611,7
-96.845122,33.050345,7
-117.181542,34.185372,14
-118.368872,34.438078,2
-98.350659,29.687729,5
-118.576378,34.18845,5
-98.468556,29.647729,68
-117.368928,33.780039,NA
-98.469035,29.647089,2
-98.350823,29.687669,NA
-98.483825,29.402189,8
-118.365895,34.007342,8
-97.306184,31.612421,115
-117.826386,34.058794,7
-97.72789,30.165019,6
-118.12078,34.203828,3
-98.731855,29.505641,34
-98.460807,29.696858,NA
-122.337608,38.43617,14
-117.248396,33.151184,37
-98.262263,29.215615,NA
-117.096303,32.893863,2
-97.903948,29.944853,3
-98.351312,29.687167,7
-118.342448,33.826855,5
-99.167846,30.060444,86
-119.976427,35.141102,11
-97.860249,30.301987,8
-98.545883,29.24964,4
-98.432655,29.272508,4
-118.241578,34.101028,4
-98.443447,29.596176,200
-98.476321,29.628603,NA
-122.100741,38.506362,4
-118.527603,34.2821,NA
-98.602666,29.370508,61
-119.374863,34.505017,5
-96.844733,33.050155,15
-121.759911,37.302939,4
-120.110908,33.922508,6
-117.248225,33.152042,5
-118.721742,34.044608,3
-99.243835,30.06844,NA
-117.828924,34.057475,42
-97.526515,30.621732,7
-117.830917,34.056257,9
-99.57063,29.807673,6
-98.764308,29.549018,NA
-122.291678,37.485017,NA
-120.099747,33.923472,6
-117.243969,32.668615,NA
-98.565544,29.612312,NA
-98.262293,29.215643,NA
-98.190156,29.71231,NA
-120.70295,35.252208,3
-117.844281,33.639086,3
-98.023366,30.506662,166
-96.845105,33.050384,4
-110.991309,32.457002,NA
-97.795203,30.609592,9
-98.76963,29.866572,27
-98.473577,29.629406,3
-117.155328,33.076245,9
-117.192488,33.209678,3
-98.602859,29.370382,44
-98.629059,29.590777,3
-98.54811,29.250483,8
-116.709385,33.013644,196
-98.403964,29.579368,248
-98.48031,29.428329,16
-117.189165,32.79599,25
-116.69075,33.024781,3
-118.053376,33.702627,4
-97.486883,32.847641,3
-117.675003,34.176563,14
-121.326283,35.781767,NA
-116.575625,32.889608,NA
-98.454125,29.632458,5
-111.078898,32.177391,NA
-116.590343,33.032878,NA
-98.818183,30.497237,3
-117.040731,32.841447,NA
-97.559678,30.497678,2
-98.442428,29.592792,32
-98.731844,29.50541,35
-99.417357,29.990105,3
-118.314631,33.718143,384
-98.188532,29.863389,8
-118.043514,34.002445,5
-122.136272,37.951431,209
-98.433403,29.27208,12
-119.945863,34.77254,4
-117.946237,34.119583,4
-97.559647,30.497892,2
-117.299238,33.1543,4
-110.71859,32.174495,NA
-98.976439,29.680979,4
-97.838167,30.646953,3
-117.958732,33.631629,3
-118.346897,33.73818,4
-117.946945,33.899325,3
-98.499043,29.43871,4
-98.810414,29.886957,NA
-121.971661,37.878255,836
-118.433395,33.970497,3
-117.2051,33.095142,2
-98.262293,29.215643,NA
-118.580483,34.092306,84
-98.334145,29.683288,2
-117.247305,33.153442,4
-121.911235,37.178478,8
-97.452261,32.008842,NA
-98.50283,29.557355,3
-117.042896,32.840586,NA
-98.591797,29.617,6
-118.379751,34.316463,4
-98.262303,29.215665,NA
-117.316038,34.151522,3
-118.64151,34.106299,31
-98.456645,29.560411,442
-99.276947,30.068961,NA
-97.150633,31.576654,5
-98.976113,29.681229,63
-98.6319,29.613791,336
-99.125393,30.033619,4
-97.877105,30.030222,3
-98.548523,29.579663,5
-99.06791,29.73118,8
-118.338045,34.113433,4
-98.61603,29.582214,9
-117.427307,33.977278,62
-117.247309,33.153417,5
-98.312283,29.507439,NA
-97.876663,30.030317,8
-96.845031,33.050321,9
-97.686422,30.400803,900
-98.325194,29.681324,87
-98.727166,29.542014,9
-99.141002,30.042755,535
-98.617181,29.565972,101
-98.576867,29.261431,449
-98.709533,29.799539,27
-98.467309,29.72392,19
-98.262288,29.215658,NA
-118.342545,33.825672,258
-117.113053,32.864189,NA
-96.845481,33.050339,NA
-116.85659,32.791061,37
-117.939956,33.660542,NA
-98.469147,29.647677,20
-110.984388,32.45553,4
-99.149425,30.04962,NA
-99.124735,30.03331,4
-118.120755,34.203979,320
-98.536042,29.55748,3
-98.526404,29.563815,3
-117.312522,33.197636,NA
-118.120878,34.203583,41
-98.34825,29.684597,5
-117.946595,34.113356,NA
-122.300659,37.502249,2
-98.475817,29.628619,NA
-98.626833,29.557072,10
-117.942933,33.89935,3
-118.361376,34.005031,8
-117.315955,34.151711,35
-117.099126,34.044094,4
-98.456025,29.632213,3
-98.352219,29.687658,201
-98.548314,29.250151,9
-122.084273,37.284878,3
-117.220061,32.774123,NA
-99.409251,29.80189,4
-99.273755,30.189747,2
-118.441108,33.94997,5
-98.084572,30.219177,8
-121.880976,37.236091,4
-118.813516,34.099029,228
-117.014554,32.82141,1
-116.454598,32.749603,NA
-98.578636,29.2638,215
-98.500158,29.310921,4
-98.495842,29.3107,5
-98.578636,29.2638,215
-97.486489,32.848214,4
-118.469556,34.37722,4
-121.761269,37.670914,NA
-120.444556,35.192663,NA
-98.578636,29.2638,215
-97.486267,32.848247,5
-98.084629,30.219094,61
-118.342981,33.826762,168
-118.441014,33.949881,NA
-118.167332,34.120152,9
-118.515989,34.314169,NA
-98.26268,29.214918,185
-118.47006,34.377281,4
-118.706938,34.037475,6
-98.421677,29.594682,NA
-97.813826,30.220925,17
-98.495742,29.311017,5
-117.523328,34.173747,4
-118.764358,34.662433,4
-118.380608,34.017692,3
-118.257647,34.209267,NA
-117.553517,33.543273,100
-118.34243,33.827872,10
-118.498044,34.097143,4
-117.559734,33.551058,NA
-120.080024,33.909899,NA
-120.002417,33.956212,NA
-120.224465,33.999268,NA
-120.070555,33.915506,NA
-120.080782,33.980759,NA
-119.989748,33.973456,NA
-121.027328,38.775131,5
-118.560355,33.007214,8
-102.326356,31.888242,58
-117.288914,33.977256,58
-118.393881,34.024428,NA
-117.170998,34.08655,35
-118.555122,32.99763,11
-118.347608,33.737967,10
-111.303445,32.471322,4
-118.989417,34.066679,5
-115.269676,36.322299,NA
-118.703072,34.032456,3
-118.988661,34.066609,916
-98.139687,31.510031,4
-117.941078,33.890828,7
-118.953025,34.145375,4
-118.53595,34.426105,39
-118.52838,34.39865,45
-118.556855,34.450597,3
-117.244933,32.672397,45
-117.244653,32.669003,NA
-121.282405,36.841922,24
-117.593406,33.390509,3
-122.278595,37.468395,3
-117.561152,33.544309,15
-116.949437,32.720524,5
-118.106736,33.931014,7
-118.189518,34.073286,35
-118.51223,34.311447,3
-117.822177,33.916528,8
-97.817341,30.488337,20
-117.727987,33.834021,6
-98.437798,29.313885,3
-111.819963,33.904053,NA
-117.759967,33.59792,3
-117.207517,32.818472,NA
-117.263776,33.005364,5
-98.474198,29.469274,3
-118.321763,34.48822,1
-97.660894,30.65275,98
-98.15952,29.659111,9
-117.845992,33.639043,297
-117.207467,33.09805,4
-97.897401,29.93971,4
-117.201538,33.095036,27
-117.174238,33.111531,3
-117.481371,34.234357,128
-118.51223,34.311447,3
-99.139228,30.21453,4
-117.845902,33.639171,151
-117.756355,33.575512,4
-119.723556,33.978327,2
-118.215892,34.197489,9
-116.942505,32.73226,194
-116.939608,32.731285,194
-117.054097,32.861867,9
-118.483185,34.176782,3
-117.659642,33.685674,5
-97.758208,30.417081,22
-117.846803,33.634842,3
-117.631583,33.432895,3
-117.03564,32.699467,3
-118.024691,33.684931,4
-97.780487,30.150864,4
-117.815262,33.6375,4
-119.529181,34.399103,136
-98.470567,31.100228,5
-117.942672,33.898738,43
-97.305126,31.612432,61
-117.273422,33.00605,5
-122.582237,37.97427,6
-121.548653,36.389947,NA
-118.100006,34.183302,32
-117.023671,32.642954,7
-117.102422,32.543834,647
-123.530803,42.551801,NA
-97.492914,32.023915,2
-117.084517,32.55397,83
-121.180815,38.68383,2
-118.325683,34.27324,67
-121.761794,37.304786,4
-117.273262,33.006303,4
-98.506008,29.859353,6
-97.783524,30.135378,5
-117.846803,33.634842,3
-97.335168,32.586906,332
-97.961328,30.35163,6
-97.46688,31.198117,4
-101.803253,30.469897,5
-117.011969,32.893164,3
-97.779267,30.125169,1
-117.124405,32.596504,7
-117.002178,32.955754,NA
-117.040294,32.844586,NA
-97.87326,30.1901,8
-97.339423,31.497838,4
-119.034052,34.176364,3
-98.616424,29.582693,152
-98.283917,29.555988,4
-117.026363,32.812482,73
-98.048976,30.659983,4
-97.873233,30.187736,14
-97.808288,30.224208,4
-97.779825,30.125089,1
-117.607868,33.836887,3
-121.949417,37.914253,9
-117.2688,33.542795,3
-118.0241,33.68462,4
-97.995842,29.839867,7
-99.727136,29.566347,NA
-121.498575,36.7596,2
-118.811282,34.226628,75
-118.890647,34.103133,4
-122.287712,37.466125,5
-101.586318,32.80479,NA
-97.409653,31.137514,3
-116.932041,32.653321,61
-119.8937,35.164075,10
-117.269408,33.541878,2
-98.742501,29.483967,NA
-121.029525,38.758522,4
-99.417337,29.98987,6
-98.590938,29.577128,NA
-117.397839,33.556339,NA
-122.914497,38.428813,23
-98.320504,29.511918,3
-97.828872,30.696575,4
-117.268779,33.542796,9
-117.266426,33.539574,3
-97.828537,30.6969,6
-116.93178,32.653334,61
-97.868256,30.2146,4
-99.73198,32.385575,6
-119.034575,34.176948,3
-117.0379,32.840422,NA
-118.662688,34.281088,14
-97.822504,30.219695,7
-98.787929,29.422453,116
-97.823002,30.220568,6
-109.461223,32.901149,10
-119.033787,34.176963,13
-119.034423,34.176934,3
-117.66839,33.737216,122
-102.320808,31.873613,18
-97.813218,30.221959,5
-118.799263,34.166875,7
-101.229912,31.965413,2
-117.611947,33.578197,6
-121.12925,37.368358,5
-97.822557,30.219618,6
-118.704056,34.169103,NA
-99.417345,29.989857,9
-115.260047,36.325737,4
-106.296255,31.789669,10
-101.229963,31.965422,3
-118.760375,34.116272,2
-118.024094,33.68463,3
-97.812966,30.221679,5
-101.229897,31.9654,4
-119.034502,34.177063,36
-118.572547,34.084843,NA
-118.930078,34.126195,9
-120.69548,35.665742,9
-118.707875,34.099237,4
-99.506781,30.063642,NA
-121.763358,37.303256,5
-118.312553,34.485278,10
-122.460759,38.301246,3
-117.313247,34.007544,4
-156.833911,20.795767,3
-122.561958,40.585188,4
-99.101511,29.373932,3
-118.228905,34.069693,6
-118.447593,33.961445,NA
-98.125802,30.365333,4
-118.825553,34.21003,6
-97.624955,30.186294,4
-117.205222,33.1138,13
-99.137992,30.97753,4
-98.619426,29.572159,41
-118.514666,34.311488,4
-98.742211,30.289013,2
-117.307472,33.139978,33
-118.709953,34.220753,4
-122.283042,37.467137,5
-117.695149,33.738064,NA
-98.447937,29.637087,11
-98.644206,29.521058,NA
-117.156503,33.075661,15
-118.005328,33.999173,NA
-98.788186,29.82136,NA
-118.097781,33.749572,154
-98.146133,29.792987,3
-97.898334,29.952472,6
-118.338287,33.725037,4
-122.283042,37.470047,4
-118.044696,33.706882,86
-120.48515,34.778899,45
-123.058318,42.151013,NA
-118.413593,34.105502,2
-119.679289,34.01932,15
-122.636006,37.990734,4
-117.194703,33.0946,13
-122.629837,37.968855,4
-117.192458,32.70343,3
-109.873476,32.222211,NA
-98.733789,29.654935,3
-117.242661,32.666646,222
-117.204767,33.09685,9
-111.009065,32.302195,38
-117.9637,33.63537,3
-122.483405,37.560713,4
-122.547813,38.451545,3
-118.853867,34.226585,16
-117.939095,34.116203,3
-120.728521,35.357865,2
-117.844338,33.639647,4
-117.170738,33.065753,14
-98.630823,29.576696,67
-120.136536,34.678692,NA
-117.250288,32.943305,4
-98.674713,29.62037,4
-117.198001,33.082839,3
-122.499581,37.831184,4
-155.710038,19.745528,NA
-110.733214,32.182231,10
-117.239363,32.814067,5
-117.424897,33.971858,6
-118.398645,33.382662,5
-117.285889,33.169011,7
-98.499607,29.859514,4
-117.823608,33.917442,4
-117.621855,33.619978,3
-117.141517,32.734612,3
-118.650006,34.099942,NA
-118.498178,33.439117,3
-119.706395,34.456509,3
-119.185875,34.992234,8
-117.435267,33.97965,25
-97.610286,30.459668,2
-117.823045,33.918462,7
-121.794345,36.654463,44
-116.943083,32.725053,9
-117.852333,34.120572,4
-117.94207,34.114503,3
-117.851487,34.121097,4
-117.84838,34.121372,4
-116.991593,32.649064,NA
-97.605488,30.470355,1
-117.841754,33.632202,3
-97.757622,30.418378,5
-121.200986,36.485465,NA
-121.222853,36.480193,NA
-97.913633,29.911361,NA
-97.729559,30.506919,40
-117.661586,33.551841,58
-117.661642,33.551954,13
-101.868949,31.930996,192
-118.243211,34.190899,8
-118.603,34.279028,NA
-117.026744,32.643408,NA
-98.931477,30.227978,2
-98.491121,29.617139,26
-97.804902,30.494653,NA
-118.466072,34.376583,4
-97.59741,30.474209,4
-97.805391,30.493423,130
-98.476653,29.60418,4
-98.501089,29.648853,3
-98.636842,29.581283,2
-118.408732,34.231469,8
-98.442405,29.593747,3
-117.320308,34.204271,3
-121.504484,36.756556,4
-98.309917,29.632242,3
-117.542283,33.800261,NA
-118.407997,34.231743,8
-118.408399,34.226769,8
-98.482068,29.461598,5
-97.725656,30.503789,37
-121.690357,36.619273,9
-121.627357,37.584312,2
-98.475354,29.633186,33
-117.240493,33.588532,7
-117.59243,33.400864,110
-115.961005,36.29847,2
-110.690138,32.003933,4
-110.93753,32.124222,4
-116.592505,32.864033,4
-99.759233,30.490478,NA
-122.288536,37.469111,NA
-97.735955,30.496877,20
-117.351607,34.032355,20
-116.533161,33.079628,NA
-97.709808,30.89223,12
-98.529678,29.551987,3
-98.35163,29.687655,6
-97.82029,30.697977,NA
-117.938592,34.11645,7
-98.393274,29.605456,9
-99.714097,32.460687,4
-98.286469,29.923633,5
-117.724574,33.667995,6
-98.474048,29.59681,30
-97.85234,30.515209,2
-98.478934,29.599657,12
-100.442397,31.443466,5
-98.511315,29.734192,8
-97.764463,30.564569,355
-98.511156,29.734128,8
-117.773313,33.743788,3
-117.758602,33.80543,195
-117.249213,33.031456,4
-120.555776,36.144932,3
-120.743981,36.357706,13
-97.728003,30.506713,21
-97.725756,30.503902,22
-97.727067,30.500608,64
-98.469545,29.647096,7
-97.729605,30.506778,8
-117.249838,33.030889,5
-117.751785,33.604196,34
-117.750937,33.59932,40
-97.729605,30.506753,9
-97.72957,30.506833,20
-118.36329,33.350585,7
-118.3547,33.364096,10
-118.363271,33.359828,375
-110.952965,32.227772,NA
-97.463185,31.22139,8
-117.221588,32.927463,4
-98.374767,29.674356,3
-98.352574,29.687236,4
-98.504193,29.819588,15
-97.727471,30.504487,20
-98.268683,30.077958,3
-98.067454,29.66973,4
-98.472728,29.606834,3
-118.477988,32.895375,2
-98.387865,29.84133,3
-117.843377,33.640708,5
-98.387838,29.841357,5
-117.945738,34.121161,3
-117.946305,34.119808,3
-122.109428,37.970295,5
-117.843354,33.640811,6
-97.781258,30.284192,4
-117.949212,34.118481,8
-98.629174,29.864825,2
-97.727119,30.500339,20
-117.708273,33.463826,21
-98.073994,30.620683,97
-99.743988,29.588562,4
-98.237372,30.462197,4
-118.295853,33.781467,4
-102.154497,32.012991,NA
-97.781819,30.284338,254
-117.950675,34.117614,3
-98.565289,29.575771,NA
-98.490037,29.401637,2
-98.352531,29.687296,3
-98.439306,29.608195,28
-117.950805,34.118064,3
-117.946315,34.119807,4
-97.646138,30.2361,4
-98.481133,29.46024,7
-98.400123,29.918369,6
-117.843286,33.640702,6
-117.948897,34.118664,8
-118.430417,33.363667,NA
-98.596102,29.595909,NA
-98.62115,29.587825,9
-117.674903,33.875245,7
-98.717921,29.970493,171
-117.9514,34.11527,2
-117.939462,33.662256,7
-117.873153,33.65025,4
-117.743259,33.668979,71
-98.48122,29.460854,26
-97.342225,31.496417,3
-98.718788,29.97032,10
-118.412305,33.749185,4
-99.722084,29.567602,47
-106.16555,31.687762,4
-118.201106,34.099075,6
-117.031368,33.039421,8
-99.417361,29.989869,8
-106.269395,31.790909,12
-97.582944,31.773464,NA
-98.5011,29.648722,7
-98.630683,29.61592,6
-98.608442,29.596762,4
-98.351333,29.687488,24
-97.833049,30.187377,6
-97.832951,30.187715,46
-97.799393,30.610541,8
-97.299031,31.287199,10
-98.544118,29.578146,18
-98.645268,29.515803,6
-98.529668,29.551924,6
-98.320675,29.64255,5
-97.424579,31.016635,182
-97.363412,30.673035,NA
-98.735318,29.509527,39
-99.334338,29.863015,198
-98.77575,29.52075,2
-97.926903,29.894938,440
-97.777297,30.505833,6
-98.719004,29.539159,4
-118.447077,33.967303,4
-97.887728,29.952946,4
-97.853987,30.514536,6
-98.627719,29.506723,3
-99.334338,29.863015,198
-97.659687,30.510705,NA
-97.425384,31.017484,34
-98.704039,29.755748,8
-97.47632,31.204222,7
-98.127256,30.038629,11
-98.703668,29.755861,3
-98.680211,29.221921,4
-98.630119,29.615591,7
-122.163217,37.361878,14
-98.626662,29.639797,143
-118.333992,33.778722,8
-122.280762,37.468683,7
-97.636588,30.267412,15
-98.529656,29.55196,3
-98.495915,29.311023,6
-98.49488,29.535822,8
-99.415175,29.800548,3
-98.680108,29.221962,9
-98.501587,29.64875,5
-98.789872,29.538712,6
-98.635109,29.589244,3
-98.465917,29.644968,220
-98.468955,29.646952,2
-97.843695,30.516391,2
-98.469105,29.644106,9
-97.858212,30.512026,3
-97.660298,30.51054,NA
-98.735451,29.882186,3
-97.91791,30.375115,8
-98.467851,29.646584,198
-98.292324,29.556557,65
-98.659653,29.519138,44
-98.54058,29.601465,2
-98.31613,29.209472,2
-98.500107,29.555656,127
-98.340126,29.750675,4
-98.502297,29.554613,38
-97.662006,30.509014,NA
-98.504507,29.652371,6
-97.506649,31.007524,NA
-97.838142,30.646683,12
-98.500289,29.311378,6
-98.507632,29.812421,6
-97.727071,30.500312,20
-97.755028,30.512613,21
-97.64033,30.684781,200
-98.537888,29.559712,27
-98.541117,29.601527,7
-98.087674,30.218618,3
-98.514278,29.636632,252
-97.908645,30.3955,8
-97.994982,30.209804,51
-98.55995,29.612268,3
-98.540147,29.601414,2
-97.849243,30.540173,29
-98.502207,29.556784,3
-97.638953,30.845842,66
-97.926108,30.637611,NA
-121.261313,38.529737,4
-98.630689,29.615999,26
-97.506649,31.007524,NA
-118.256737,34.213638,8
-98.087575,30.372378,202
-97.726631,30.500142,20
-98.457733,29.345238,2
-98.763418,30.249955,5
-98.771436,29.542683,3
-98.481217,29.461007,22
-97.726363,30.50148,20
-117.23728,34.025056,6
-118.360615,34.27057,4
-98.088691,30.219155,3
-98.74375,29.551769,8
-98.508881,29.813331,3
-118.405312,33.977287,4
-97.701133,30.732572,3
-97.926038,30.637612,NA
-98.591936,29.616975,5
-98.194192,29.869397,2
-98.619697,29.581033,16
-97.796019,29.951989,NA
-98.818603,29.884522,NA
-98.740455,29.480742,8
-98.262243,29.21566,4
-98.499855,29.310956,188
-96.778036,32.839744,3
-98.707192,29.473567,9
-98.499486,29.555784,40
-97.692633,30.290018,49
-97.897538,29.939729,3
-118.285224,34.128001,15
-118.17725,34.097445,55
-98.775772,29.520967,4
-98.611277,29.606749,4
-98.572533,29.622247,199
-97.845313,30.249413,4
-98.630679,29.616039,7
-117.853063,33.583906,86
-98.456667,29.560519,4
-122.284912,37.463538,20
-117.551016,33.792642,NA
-117.021703,32.822973,NA
-118.529363,34.534885,2
-117.094508,34.047113,2
-98.3928,29.994013,24
-97.239278,31.330048,37
-117.321537,34.186342,NA
-97.709056,30.667206,NA
-117.75065,33.837422,53
-117.117303,32.971587,2
-117.207146,34.031075,80
-118.52999,34.535062,4
-97.755852,30.512705,31
-98.440089,29.593583,30
-117.818825,33.566837,3
-98.43972,29.593683,4
-117.207568,34.032628,8
-117.279,33.173875,5
-98.456817,29.632903,2
-97.845313,30.249422,4
-98.619878,29.583073,733
-117.035572,32.846844,NA
-117.21312,33.098317,37
-117.095886,34.041622,NA
-98.60253,29.593447,3
-98.619805,29.580033,7
-118.528558,34.533867,4
-98.604972,29.582983,3
-98.693932,29.401482,NA
-118.529099,34.534562,2
-117.285233,33.167228,16
-117.062997,33.081208,10
-98.456673,29.560627,3
-98.764862,29.549197,40
-98.439709,29.593634,5
-118.488326,34.562074,4
-98.166703,30.330542,5
-98.693932,29.401482,NA
-98.240767,29.612247,7
-98.487533,29.459963,4
-100.88509,29.367851,NA
-117.120456,32.733089,6
-97.905061,30.496025,NA
-96.777809,32.839952,4
-97.506649,31.007524,NA
-97.967517,29.904175,NA
-121.962501,37.44338,4
-98.891552,30.262457,5
-117.124217,32.717162,5
-98.732394,29.412406,4
-116.824864,32.677067,NA
-97.692931,30.833325,4
-97.844238,30.249472,4
-98.626625,29.642578,4
-115.269622,36.322072,NA
-98.469088,29.644107,NA
-117.72491,33.851071,3
-98.707102,29.473575,12
-117.076967,32.829547,4
-117.063019,33.080936,4
-96.691583,33.109636,NA
-97.849679,30.873047,104
-98.573253,29.622863,3
-97.727185,30.500246,20
-117.026268,32.643653,5
-98.483479,29.873461,NA
-112.498025,33.603255,7
-117.025364,32.643261,NA
-98.468883,29.646929,2
-98.467911,29.647921,3
-98.332878,29.684933,13
-117.026313,32.643856,3
-98.477823,29.631585,3
-98.448544,29.637152,5
-117.207452,33.09807,4
-116.621189,32.620228,NA
-116.12418,32.635925,4
-117.249243,33.150003,3
-98.121337,29.706445,8
-117.230438,32.795697,8
-116.927863,32.716842,5
-116.621708,32.62203,139
-98.175581,29.848476,44
-116.937072,33.089114,5
-98.134924,29.783027,13
-98.578559,29.262496,4
-119.709819,34.457153,4
-97.755396,30.512836,13
-116.760095,32.570167,4
-117.949057,34.124694,NA
-117.950421,34.121895,NA
-119.678712,33.989028,4
-120.026457,34.740167,8
-117.210697,32.85026,3
-121.81255,37.508072,10
-121.810131,37.509122,NA
-117.724938,33.851104,9
-98.350627,29.686289,241
-98.375705,29.826854,6
-98.35122,29.687373,5
-98.12403,29.72135,45
-98.099895,29.811806,NA
-98.098524,29.810152,NA
-98.487455,29.873143,7
-98.62963,29.585425,4
-98.375867,29.827201,8
-98.646386,29.545552,3
-98.332724,29.684666,5
-98.124466,29.720614,3
-98.818226,29.885403,16
-98.46798,29.645322,364
-98.375756,29.826457,67
-98.576167,29.260761,3
-98.124124,29.721292,79
-98.733907,29.513305,10
-98.496846,29.310237,582
-120.206105,33.973275,NA
-122.61892,37.956767,14
-98.0085,29.786251,4
-99.915092,31.83464,51
-97.486206,32.848215,4
-111.036077,32.161072,4
-110.724283,32.164008,NA
-111.843383,33.597963,5
-118.276955,34.184958,32
-108.957652,32.102928,NA
-97.467257,31.327182,8
-98.62724,31.272843,9
-98.334802,29.661604,3
-97.868463,30.213965,NA
-108.151047,32.795093,44
-118.022488,33.684322,NA
-97.756698,30.394348,3
-98.42253,29.793955,6
-97.929722,29.896258,9
-117.65804,33.718454,NA
-98.587109,29.580364,NA
-97.859038,30.251347,4
-117.884558,33.632013,6
-97.817423,30.488085,5
-117.245728,32.942242,34
-118.461608,32.856625,3
-98.626755,31.27243,9
-97.779458,30.37887,6
-97.846543,30.216724,NA
-117.141864,32.736703,NA
-118.022282,33.684238,553
-98.540476,30.085261,5
-117.666969,33.734902,NA
-97.820837,30.173591,4
-98.624778,31.269855,8
-117.70833,33.464193,4
-118.263875,34.085233,NA
-117.014023,32.644419,122
-110.817981,32.1873,NA
-118.536187,34.128661,9
-98.023586,30.507184,30
-118.023823,33.684563,3
-117.796508,33.793167,5
-117.01625,32.644712,3
-119.037888,34.162277,5
-97.928903,29.895855,4
-117.015815,32.644763,5
-122.632283,37.95663,3
-99.750171,29.196809,5
-98.342451,29.536203,NA
-97.803343,30.497108,NA
-117.012148,32.644859,67
-117.014916,32.644603,5
-118.418472,32.861022,10
-118.346442,33.740599,309
-117.231895,33.094278,12
-98.587457,29.578422,NA
-98.431081,29.636328,9
-97.725708,30.50377,4
-117.042141,32.698567,4
-121.793363,36.643984,8
-117.770813,33.618592,5
-118.90535,34.106183,4
-108.879467,32.276646,NA
-117.006235,32.574932,36
-97.768333,31.150207,3
-117.01824,32.644459,4
-99.74223,29.589496,3
-97.726839,30.503542,20
-97.798444,30.498636,NA
-117.786867,33.827754,39
-97.815355,30.153382,3
-95.151622,29.588694,NA
-97.756447,30.394358,20
-118.538672,34.127839,4
-118.022474,33.684515,NA
-118.556913,33.004401,3
-97.812012,30.620705,7
-97.927056,30.642817,NA
-117.770805,33.618592,5
-121.696213,36.622445,3
-98.626695,31.27214,3
-117.802138,34.003167,4
-118.023778,33.684555,9
-117.013281,32.644525,8
-117.67968,33.744688,4
-116.857285,32.791034,5
-98.626418,31.271545,190
-118.023787,33.684539,4
-117.718772,34.109967,4
-117.013202,32.644431,252
-99.743105,29.588914,4
-118.319749,34.271892,3
-117.292463,33.975042,3
-97.7229,30.503045,12
-117.20603,33.096836,16
-98.395357,29.604829,3
-99.309662,29.016361,2
-97.817505,30.488314,6
-117.246283,32.757575,3
-117.11696,32.980878,3
-117.022462,32.823178,NA
-117.588378,33.436528,2
-117.117201,32.97167,6
-117.835073,33.56989,8
-98.573547,29.592292,NA
-116.912737,32.622203,3
-117.1978,33.097161,2
-117.615568,33.640638,NA
-116.794752,33.025968,NA
-117.115911,32.59104,3
-117.856042,33.585392,20
-117.075486,32.833095,5
-117.084761,32.553987,14
-119.923661,34.459856,NA
-117.012136,32.644556,3
-116.936956,33.019616,34
-96.844861,33.050256,NA
-117.024545,32.581843,3
-117.029711,32.643386,NA
-116.921762,32.633346,984
-117.20485,33.10725,38
-117.069199,33.061462,147
-96.844663,33.050244,20
-118.413208,33.747112,4
-117.010366,32.817494,1
-117.744565,33.795176,3
-119.883688,37.649563,13
-121.802847,36.694933,198
-117.767104,33.586078,4
-122.224779,37.874618,4
-108.325645,31.919237,2
-120.099849,33.909995,NA
-117.19947,33.102731,9
-118.413208,33.747105,4
-117.155067,33.078158,58
-117.007151,32.569223,100
-121.696533,36.627225,5
-121.766058,36.678395,46
-120.039383,34.711033,61
-116.621961,34.0079,15
-121.689658,36.618587,8
-120.696717,35.224913,4
-121.71356,36.595683,4
-117.007002,32.635753,8
-119.978163,34.526792,4
-120.196772,34.55948,3
-117.143143,32.732494,118
-117.016985,32.642645,117
-117.270295,33.004094,4
-117.143247,32.733739,2
-121.774742,36.230983,NA
-119.711178,34.466514,NA
-120.105033,33.90692,9
-117.122416,32.912111,NA
-121.815662,37.51323,10
-121.816446,37.525464,NA
-122.131789,37.73752,4
-121.812767,37.528612,NA
-121.809555,37.506925,14
-98.445293,29.688992,15
-121.885278,37.606953,5
-121.762666,37.505763,10
-117.006065,32.578286,NA
-98.227505,29.529158,5
-121.762878,37.303406,5
-117.141828,32.84851,4
-117.08114,32.541981,6
-117.14933,32.89483,5
-121.743081,37.624144,NA
-116.899842,32.9089,4
-117.15122,32.89504,5
-117.151163,32.89463,NA
-96.846944,33.047067,NA
-118.622361,34.271624,NA
-98.447878,29.552072,20
-112.086235,33.625691,7
-98.633059,29.54773,4
-121.677853,39.785914,NA
-96.846397,33.048339,6
-119.893555,35.166888,4
-98.402162,30.153072,13
-117.038139,32.839517,NA
-96.891619,32.765555,9
-96.778492,32.839889,NA
-117.692362,33.750898,NA
-117.074914,32.821914,191
-111.761711,34.791675,3
-118.935221,34.045461,10
-117.059761,33.050767,15
-117.340776,33.145468,198
-117.221612,33.085792,13
-117.759475,33.595842,NA
-120.034454,34.710286,3
-118.585393,34.112234,9
-120.703099,35.252318,3
-117.321594,33.325132,8
-118.964668,34.152699,11
-117.759517,33.596283,NA
-119.96265,34.523922,NA
-117.321702,33.325293,100
-117.74358,33.66897,60
-116.939917,32.713201,3
-97.736419,30.377503,1
-118.958944,34.148573,24
-118.050545,33.705336,NA
-97.474188,31.319731,3
-117.231645,33.092997,14
-117.761683,33.784297,NA
-117.045967,34.109181,4
-117.604942,34.157972,13
-98.224495,29.860497,48
-117.152053,33.0787,4
-118.780505,34.072475,NA
-117.159844,33.066617,10
-117.19922,33.103286,13
-104.336533,33.195542,2
-122.276772,37.469681,20
-117.160049,33.066334,5
-108.708329,32.38028,61
-117.074393,32.961313,13
-117.02452,32.811543,210
-118.399422,33.76857,8
-121.749579,36.470846,NA
-121.674072,36.800087,4
-121.548133,36.059353,25
-121.762274,36.650966,NA
-121.763703,36.651477,NA
-121.7636,36.651557,NA
-117.250313,32.943317,7
-121.9223,37.87613,5
-117.882693,33.630511,6
-118.401337,33.767512,7
-118.357872,34.109427,3
-117.244767,32.673938,3
-117.249742,33.030747,8
-121.766176,36.653254,NA
-117.198312,33.103017,19
-117.248672,33.115442,4
-122.617249,37.907483,3
-117.387869,33.525014,15
-117.204253,33.107492,74
-122.61632,37.907501,4
-122.616745,37.907763,8
-118.706813,34.099288,2
-117.143953,33.085483,14
-121.673988,36.800125,4
-117.024035,32.81178,NA
-117.034305,33.168015,1
-120.418512,34.681772,2
-122.127602,37.740936,758
-116.681162,32.735512,4
-121.843753,37.20224,12
-121.500075,36.009319,3
-118.815063,34.217712,4
-119.154334,34.125764,713
-119.054214,34.359388,37
-122.61692,38.052728,4
-119.732034,37.010174,NA
-120.223819,34.505069,NA
-121.874872,36.602062,NA
-121.692734,36.62622,NA
-119.481369,34.378081,19
-123.282767,42.683672,NA
-117.222208,32.962611,6
-116.934641,33.21665,2
-120.360145,34.033558,4
-121.751659,36.652825,NA
-117.044938,32.838283,NA
-117.308078,33.197269,NA
-121.960403,37.434063,2
-121.83908,37.179012,10
-117.045269,32.838156,NA
-118.173691,34.097214,7
-122.501633,38.448111,4
-117.56458,33.372051,134
-117.18991,32.7994,10
-119.01495,34.077007,22
-118.317022,33.717304,195
-117.239137,32.91228,52
-120.133514,35.224912,6
-118.312156,33.336614,NA
-117.14053,33.47517,8
-121.874778,36.602112,NA
-116.707772,32.716281,5
-118.500687,34.364764,195
-122.510904,38.444376,NA
-120.039993,34.710468,3
-118.542895,34.344363,15
-122.060613,36.984095,4
-117.411587,33.242834,3
-120.153763,34.478516,18
-117.570288,34.291187,5
-120.039358,34.705501,4
-121.694508,36.629871,NA
-121.857917,36.562439,NA
-117.036221,32.839942,NA
-117.200783,33.094895,13
-118.350725,34.101474,606
-117.258239,32.927539,4
-117.400513,33.214561,4
-117.044938,32.838283,NA
-123.210721,39.424201,14
-116.856897,32.831347,377
-117.035425,32.946298,3
-119.847186,34.407347,NA
-117.067514,33.387387,NA
-117.038543,32.790878,7
-119.015014,34.077055,32
-122.186508,37.05327,118
-119.655503,37.372987,4
-117.043345,32.839112,NA
-117.209222,33.098686,16
-122.187756,37.380968,3
-117.189673,32.855764,NA
-118.400425,33.767346,9
-117.126323,32.560586,5
-117.078042,32.719926,5
-118.481637,33.445063,5
-117.15311,33.067144,10
-117.549453,33.660267,4
-116.89982,32.908397,3
-119.014808,34.076652,8
-118.798292,34.181139,4
-117.043345,32.839112,NA
-122.693329,38.775955,15
-121.694508,36.629871,NA
-120.037769,34.706813,5
-117.094796,32.886994,3
-116.706603,32.715419,7
-117.217712,33.082492,14
-117.550028,33.658128,5
-117.549662,33.658495,6
-116.855824,32.829222,9
-121.744273,36.645036,3
-121.689453,36.624695,10
-117.038257,32.840392,NA
-121.874799,36.602084,NA
-117.612345,33.701788,4
-120.604033,34.677008,5
-121.872275,37.566595,2
-122.20468,38.066483,39
-122.069144,37.21772,4
-117.394408,33.549203,11
-116.845139,32.603875,NA
-99.559013,29.747837,4
-116.707528,32.716328,8
-116.841432,32.601257,NA
-118.378747,33.751644,15
-117.549932,33.657917,NA
-117.078034,32.720294,5
-121.944679,36.51777,686
-111.682705,32.807638,74
-110.733113,32.149986,NA
-122.247055,37.555012,4
-118.517988,34.31649,NA
-118.746933,34.613412,6
-119.263183,34.238953,14
-121.259843,35.664212,NA
-117.824172,34.161172,8
-119.736392,34.412453,NA
-118.773528,36.530197,3
-119.258058,34.294456,NA
-121.727945,36.646908,14
-117.781475,33.624802,NA
-117.111625,32.641603,3
-121.1026,35.55169,3
-117.445579,34.043559,4
-120.457946,34.664266,100
-120.458006,34.682517,100
-117.043141,32.84158,NA
-122.284317,37.459197,5
-117.043833,32.84025,NA
-116.85553,32.741153,4
-116.913933,32.83208,4
-117.121851,32.912004,3
-116.913612,32.831617,3
-117.798027,34.092566,205
-122.434527,37.685486,2
-121.716727,39.822253,NA
-98.309064,29.63179,3
-116.898453,32.882263,4
-117.04551,32.837967,NA
-118.549072,34.090875,35
-117.043094,32.839128,NA
-99.269578,30.04917,3
-118.988379,34.113957,14
-118.251428,34.250328,30
-111.884666,33.340158,187
-111.553298,35.227967,NA
-118.649942,34.094748,3
-117.680254,33.745344,NA
-117.041402,32.83874,NA
-117.938702,33.664608,NA
-117.122439,32.912061,4
-117.122142,32.911911,7
-117.183783,34.021761,NA
-117.751188,33.510442,2
-117.122157,32.911919,3
-117.023979,32.815701,52
-116.964947,32.990603,NA
-116.741317,32.856875,7
-117.209603,33.103467,4
-117.041515,32.838569,NA
-117.751053,33.602917,6
-117.043392,32.840861,NA
-117.041503,32.838604,NA
-117.037897,32.840372,NA
-117.562357,33.37481,3
-117.112832,34.08778,54
-117.041302,32.838945,NA
-117.040068,32.836097,NA
-117.041246,32.839347,NA
-121.802228,37.712601,4
-117.041325,32.839108,NA
-117.041277,32.839069,NA
-117.041356,32.839287,NA
-99.201454,30.019688,4
-97.95059,30.310619,6
-98.8938,29.968158,4
-117.95943,33.632223,3
-99.141219,30.138375,4
-122.27655,37.469605,10
-98.362167,29.556089,13
-118.433058,33.975188,NA
-117.52505,34.180286,NA
-96.784228,33.103536,NA
-117.757613,33.526658,3
-99.100556,29.980433,25
-116.63797,32.930683,3
-117.680135,33.745563,15
-121.808242,36.678781,5
-98.125126,29.722237,4
-110.722311,32.235422,5
-98.760902,29.510133,4
-99.41694,29.988697,5
-110.726588,32.276312,10
-110.697892,32.215867,5
-97.96435,30.511486,NA
-99.331505,30.062242,2
-117.24104,32.672049,NA
-99.719664,29.568115,13
-117.427203,33.975347,9
-117.940234,33.663089,NA
-118.556367,32.996664,NA
-110.636392,32.486795,7
-111.947953,33.8936,3
-110.636367,32.486805,4
-111.948655,33.893312,4
-118.674147,34.197105,4
-117.064461,33.173892,4
-117.143905,33.08547,7
-117.205642,32.965995,4
-122.100472,38.499934,NA
-117.757688,33.784067,NA
-119.5677,34.467654,27
-97.605173,30.470844,4
-117.713438,33.461582,195
-98.12513,29.722058,3
-116.819412,33.020874,52
-111.729155,33.693128,3
-118.224563,34.200655,4
-117.5764,33.751806,9
-102.471545,31.017723,10
-97.611752,30.460017,2
-97.728011,30.678558,652
-117.254205,33.556367,NA
-117.415648,34.014833,12
-117.011619,32.820613,14
-117.176903,33.122806,3
-119.258736,34.298375,318
-118.195407,34.094257,6
-117.48734,34.030522,9
-117.012969,32.821422,3
-117.143044,32.73693,4
-118.35508,33.740895,4
-117.79473,33.846683,4
-117.79493,33.847172,5
-117.943072,33.902973,5
-117.20603,32.965458,4
-117.674067,33.863958,NA
-117.077169,33.053356,25
-116.869164,32.734571,25
-118.320154,34.488225,2
-99.166342,30.05714,8
-97.927028,30.63626,35
-98.564522,29.557505,4
-117.025878,32.812019,4
-97.751397,30.406887,4
-121.502751,36.756273,7
-97.903544,29.884047,NA
-98.126365,29.722243,163
-98.34282,30.861438,16
-117.058219,34.046197,18
-98.478716,29.599617,3
-97.761213,30.413562,4
-97.820167,30.69542,972
-116.95755,32.851364,NA
-117.256447,32.93475,4
-98.473862,29.763572,8
-117.209192,32.966858,4
-97.816347,30.694444,540
-98.638595,29.869378,4
-98.389535,29.605032,3
-98.393245,29.605207,NA
-97.810094,30.244169,NA
-97.87638,30.179305,8
-98.481078,29.461128,4
-99.038497,29.941248,6
-98.490038,29.622578,3
-117.743089,33.833349,8
-117.498847,33.83338,4
-116.877572,32.911847,NA
-117.890703,33.651519,NA
-98.53048,29.548799,3
-98.739601,29.634309,7
-117.232497,33.602337,NA
-117.177475,32.927025,NA
-117.121803,32.911892,4
-98.615425,29.582603,4
-98.138923,30.33161,5
-97.899645,30.505592,4
-97.718338,30.504462,4
-116.466801,32.963258,NA
-98.481262,29.461692,4
-118.353005,33.343463,3
-116.533157,33.774463,NA
-98.929901,29.679902,35
-117.187722,33.702908,4
-98.529755,29.552058,4
-98.618033,29.572267,3
-121.796593,36.65235,35
-121.502945,36.756304,3
-118.33455,34.27372,8
-117.935683,34.1442,4
-116.37732,33.25245,4
-117.07618,33.055344,4
-98.131318,30.677013,7
-102.116164,31.963302,3
-117.809145,33.574178,9
-97.738717,30.670087,67
-102.116168,31.963196,8
-98.310023,29.632174,3
-117.249122,33.117867,4
-117.979055,33.643569,9
-121.806933,36.651342,NA
-116.993922,32.725456,NA
-118.622328,34.256872,NA
-116.856536,32.830703,4
-117.14405,32.639512,3
-98.31662,29.21218,3
-98.740201,29.633992,4
-117.237801,32.871349,4
-98.303288,29.617206,4
-117.760855,33.866438,4
-118.944847,36.386588,3
-98.574971,29.621172,7
-98.697267,29.46426,7
-118.538561,34.423017,9
-116.782678,32.718395,7
-98.343313,30.862192,4
-117.214525,32.968505,NA
-122.285821,37.463774,123
-98.469171,29.469,4
-110.894867,32.235888,20
-97.75277,30.42003,3
-98.380508,29.465463,4
-97.868745,30.292915,NA
-118.364945,33.333245,4
-98.62457,29.578255,4
-117.21383,32.965537,NA
-98.526332,29.563559,776
-116.856947,32.791029,30
-98.367268,29.585694,7
-97.809387,30.143378,4
-98.739847,29.634593,35
-118.329812,33.351513,4
-117.76043,33.553047,4
-98.066414,30.304383,3
-98.621613,29.581,4
-98.616236,29.582509,111
-98.456878,29.73902,6
-98.179436,29.91644,8
-99.805268,30.444935,199
-98.128369,30.036164,NA
-98.735875,29.509469,29
-117.329392,33.126014,4
-118.352905,34.110046,4
-98.62017,29.581913,3
-98.12367,30.363239,NA
-98.009556,30.474953,NA
-98.459278,29.301909,4
-99.806778,30.441067,NA
-97.864333,30.731383,4
-98.385103,30.313519,35
-98.125315,29.722078,6
-98.46974,29.647146,236
-110.846891,32.272427,1
-118.306587,34.120117,8
-98.625499,29.735952,9
-98.36795,29.908066,10
-98.009556,30.474953,NA
-117.981156,33.898639,NA
-121.863425,37.229283,3
-98.085378,30.385194,NA
-98.929918,29.680005,6
-117.886534,33.65486,1
-117.886536,33.65484,1
-117.886525,33.654854,2
-117.367034,33.809059,23
-97.670904,30.853528,15
-118.333647,33.348858,4
-118.674608,34.271405,16
-118.839644,34.300256,4
-118.457901,34.49656,40
-119.185207,34.994283,4
-117.785217,33.659069,5
-97.735115,30.665083,NA
-118.355805,33.999925,3
-100.654297,30.574382,6
-112.240915,33.635175,5
-118.510044,34.085997,NA
-116.857108,32.830028,4
-110.724297,32.163972,3
-122.240456,37.865231,NA
-116.993825,32.725472,4
-117.940508,33.659646,NA
-98.190626,30.337055,4
-98.539048,30.0854,4
-118.529433,34.370563,4
-122.479438,37.798417,3
-98.393758,29.604648,289
-110.714275,32.180769,7
-97.810363,30.244253,11
-97.835618,30.569571,NA
-97.87625,30.179325,10
-98.112869,29.678506,7
-97.968411,29.872783,NA
-118.662923,34.198113,4
-116.377425,33.25225,4
-99.249235,30.071661,4
-98.600228,29.587245,15
-116.678055,32.861563,NA
-98.574986,29.621126,8
-117.099177,32.545452,NA
-117.14196,32.7368,4
-117.141961,32.736942,4
-98.626654,29.556966,NA
-98.476173,29.629014,4
-100.337013,29.861227,7
-98.8835,29.345433,4
-98.044334,32.658404,9
-98.83857,30.250519,60
-98.024273,30.507011,181
-98.838966,30.251648,65
-97.724307,30.182271,9
-100.326674,29.868864,7
-98.484663,29.873735,NA
-99.785124,30.470152,4
-117.099035,34.04412,8
-98.33114,29.925699,3
-98.479953,29.460518,3
-98.57616,29.260902,5
-97.861279,30.511537,4
-98.816841,29.956443,2
-98.719692,29.442619,NA
-97.703445,30.729947,3
-117.213188,33.080814,4
-99.73031,29.575785,NA
-98.658131,29.609875,9
-100.675782,30.499051,3
-98.629368,29.55859,4
-100.260943,30.002315,122
-98.431974,29.864173,4
-98.488673,29.862453,15
-99.040763,29.79189,204
-99.216355,29.95947,12
-99.398018,30.144222,4
-100.337054,29.852292,5
-99.78498,30.470512,4
-99.784907,30.470504,3
-100.337022,29.861263,4
-98.470372,29.604276,4
-117.764836,33.608867,167
-98.369025,30.657255,4
-97.46695,31.1981,4
-99.260558,30.102475,4
-117.036169,32.5581,NA
-98.023367,30.506982,59
-98.397851,29.605152,841
-117.199255,33.102658,4
-102.703293,32.038632,3
-98.202332,30.258647,5
-98.084892,30.012508,4
-97.842667,30.255078,4
-118.091797,33.74957,6
-98.565684,29.577823,NA
-97.872608,30.187585,7
-117.140708,32.737945,4
-99.144619,30.047555,242
-98.023367,30.506982,59
-118.171805,34.196297,4
-98.893057,29.974194,39
-120.831891,36.537587,6
-98.51787,29.563439,NA
-99.584038,29.828178,4
-100.33194,29.854149,NA
-98.614896,29.884046,9
-98.486167,29.871903,4
-99.174952,30.103186,20
-97.790439,30.293632,3
-98.47192,29.647544,264
-97.725947,30.503307,63
-98.591931,29.578295,4
-117.095278,32.545589,NA
-98.231494,29.550018,200
-98.577025,29.261254,21
-98.503459,29.648318,5
-118.382408,33.743375,4
-98.289422,29.969191,35
-97.879152,30.21798,NA
-98.35206,29.687575,NA
-117.28028,33.093311,4
-98.366981,29.582791,NA
-117.067177,32.826867,NA
-97.971004,29.946748,152
-97.871247,30.519633,3
-97.942797,30.303737,4
-117.094543,34.047195,NA
-98.636779,29.537325,4
-97.795396,30.610124,6
-97.650532,30.51253,29
-98.506347,29.852328,4
-101.313295,29.700147,4
-98.500308,29.311399,4
-116.785453,32.610386,4
-98.389177,29.604421,208
-98.424966,29.534143,224
-98.636133,29.441251,8
-98.403875,29.845849,NA
-98.476146,29.629012,4
-98.540652,29.597681,13
-98.475245,29.462802,4
-98.475327,29.608663,3
-98.62371,30.236842,220
-117.113146,32.768474,1
-117.128962,32.62286,3
-97.466828,31.198075,3
-117.095278,32.545589,NA
-98.327104,29.928318,3
-100.336961,29.861214,15
-98.905145,29.978834,4
-98.479163,29.630863,4
-117.123314,32.566922,4
-99.411745,29.800956,4
-117.126569,32.570372,NA
-98.325232,29.680064,4
-116.842019,32.600342,3
-117.033264,32.828828,NA
-98.906423,30.015645,31
-117.221249,32.959862,3
-97.977849,29.883517,4
-98.35174,29.687545,12
-98.504462,29.587549,4
-117.092371,34.050306,NA
-98.348676,29.684817,4
-97.811896,30.489379,4
-100.55458,31.390067,513
-118.024033,33.683925,4
-98.281279,29.973796,39
-98.439088,29.60876,9
-98.10933,29.677652,NA
-98.574399,29.61588,675
-98.6306,29.615983,5
-98.469342,29.647117,4
-117.036558,32.560086,NA
-98.389276,29.605087,3
-118.334045,33.724553,6
-118.380042,33.755663,4
-97.71833,30.517072,NA
-98.336116,29.682757,NA
-117.953144,33.633655,9
-117.25448,32.953,4
-98.642635,29.569268,NA
-98.100699,29.810806,NA
-98.500633,29.557817,5
-96.846461,33.048406,NA
-117.126583,32.570385,4
-98.540138,29.601113,4
-98.321662,29.641075,5
-98.565055,29.256605,4
-98.547151,29.249688,4
-98.63157,29.56785,NA
-117.118292,32.720756,5
-98.630502,29.615862,9
-98.134144,29.783173,14
-98.461637,29.559175,4
-117.099609,34.043049,NA
-97.894112,30.337288,4
-97.936203,30.532417,35
-118.4741,32.904763,704
-98.696111,29.395833,NA
-117.597467,33.839353,7
-98.578205,29.26392,5
-101.921875,30.592614,4
-98.444436,29.54984,4
-122.089294,37.732989,4
-97.64372,30.684855,499
-97.979065,29.572541,63
-99.253929,29.801735,204
-98.469768,29.647312,8
-112.017517,33.821862,3
-98.574643,29.621387,234
-117.280495,33.053897,4
-98.635441,29.544268,394
-98.689758,29.576752,69
-98.500297,29.311361,NA
-118.180712,34.098275,4
-98.63678,29.537353,4
-99.714497,32.363576,8
-97.75802,30.416608,3
-98.577174,29.261411,4
-117.258397,33.000561,NA
-99.431679,29.801066,3
-98.502,29.556031,5
-118.101771,34.196082,460
-97.859733,30.229545,4
-97.924225,30.697824,63
-117.794213,33.826194,5
-116.763308,32.579086,NA
-117.261561,33.950674,15
-98.469792,29.647689,10
-100.32065,29.854681,2
-100.48774,31.467771,6
-98.100459,29.810666,NA
-98.393762,29.604763,5
-98.631128,29.512433,8
-99.273031,30.188818,4
-117.134321,32.971821,NA
-98.389732,29.604909,19
-99.273389,30.189514,NA
-117.049722,32.785433,NA
-98.512902,29.636957,20
-117.779907,34.230425,991
-98.57882,29.5529,4
-117.84421,33.639182,NA
-117.098803,32.544742,NA
-98.844788,30.250897,4
-117.099533,32.545358,NA
-99.584028,29.828187,4
-117.247965,33.249167,3
-116.334128,36.453192,NA
-117.791793,33.79955,4
-98.641621,29.652153,5
-117.844091,33.63936,4
-98.444582,29.549705,6
-117.035794,32.559067,NA
-99.174676,30.061165,4
-117.726861,33.719237,8
-99.26078,30.103133,4
-117.762403,33.777126,NA
-97.871241,30.519713,4
-117.094687,34.047309,2
-98.578788,29.262742,4
-117.228988,32.752903,5
-117.037006,32.558158,NA
-98.026169,30.5079,4
-98.636741,29.53734,3
-100.28702,29.96311,20
-98.505803,29.65087,21
-98.540149,29.60065,4
-97.899844,30.505631,3
-98.471667,29.647443,4
-97.150193,31.576406,5
-98.83683,30.03122,4
-98.475261,29.462783,1
-99.428268,29.801291,5
-112.49657,33.587192,4
-98.506302,29.656127,5
-98.439012,29.641909,8
-98.456369,29.560287,296
-98.471431,29.647255,4
-117.248239,32.875794,194
-98.530269,29.54967,8
-97.978736,30.496356,7
-98.574086,29.621608,3
-98.331608,29.201233,4
-122.479308,37.798183,14
-98.458475,29.576474,40
-117.239348,32.812366,34
-98.455938,29.632375,4
-117.112747,32.637925,3
-116.785453,32.610386,4
-96.891459,32.765616,NA
-118.490201,34.407408,31
-98.475267,29.462805,3
-117.043218,32.84123,4
-98.500232,29.556167,204
-116.830931,32.6865,NA
-98.23918,29.61055,9
-117.247997,33.249165,3
-118.609729,34.278258,15
-117.104991,32.63174,2
-117.207078,33.097272,39
-116.623269,34.009061,NA
-98.001333,29.821029,9
-98.625978,29.640681,4
-98.824867,30.508912,4
-98.882112,30.46825,8
-117.317702,33.940608,26
-117.127586,32.734208,4
-118.490201,34.407408,31
-117.110175,32.64195,3
-117.207556,34.032891,2
-116.783967,32.612161,3
-116.628111,34.016533,NA
-101.796202,30.466951,575
-117.050344,32.818542,5
-116.784011,32.611794,4
-121.962743,37.434068,4
-98.027605,30.030472,35
-102.893953,31.576958,4
-117.05575,32.818631,5
-99.260558,30.102495,4
-117.110053,32.642137,3
-98.11094,29.677493,183
-98.957567,30.019403,4
-117.221217,32.959882,5
-96.891625,32.765533,10
-98.837192,30.031347,343
-96.891511,32.765531,4
-97.838487,30.236259,1
-98.962897,30.0887,19
-98.573647,29.621347,4
-117.280503,33.054014,1
-96.891459,32.765623,NA
-117.238455,32.815829,109
-98.962013,30.088378,4
-118.15448,34.20577,4
-116.825483,32.675347,NA
-96.846654,33.047501,NA
-97.731192,30.664864,NA
-117.263993,33.536091,4
-117.280529,33.053896,11
-98.45697,29.632708,4
-116.926651,33.015593,16
-98.95755,30.019006,4
-117.757505,33.801859,9
-117.75748,33.801916,4
-99.254634,30.056917,36
-117.757479,33.801931,3
-122.479447,37.798394,22
-117.331008,33.198095,4
-97.39315,31.888295,3
-118.304132,34.123977,7
-100.075515,30.562757,NA
-116.99267,32.723592,16
-110.757872,32.076174,6
-110.790579,32.067704,23
-110.770232,32.130791,8
-98.836017,30.031291,9
-110.711467,32.029651,8
-98.239484,30.312451,50
-117.211593,34.095079,62
-123.5508,43.082757,NA
-122.086577,37.551728,4
-117.060342,32.80558,NA
-116.98859,32.722759,183
-117.219707,32.980777,4
-118.28782,34.151495,4
-98.369182,30.737128,15
-117.028978,32.635555,5
-118.968735,34.207001,35
-116.700047,32.608178,NA
-118.491306,34.403412,15
-116.991417,32.725133,3
-118.762403,34.663475,4
-118.95108,34.15387,4
-121.016686,35.749649,3
-118.305747,34.115197,4
-120.00871,33.97752,5
-117.134471,33.027468,25
-118.549155,34.091164,4
-115.966964,36.198321,5
-121.784112,36.798813,7
-115.170173,36.313899,NA
-97.389137,28.66247,3
-117.077667,32.7205,4
-118.407098,33.74371,78
-118.306472,34.119867,4
-116.880662,32.637097,4
-116.333519,36.461886,5
-98.239145,29.610528,8
-99.706022,29.876889,NA
-98.737547,29.786075,4
-118.290908,34.238888,7
-117.597571,33.838204,10
-98.910297,30.238987,10
-98.572533,29.622247,199
-117.881994,33.63099,4
-117.844004,33.639507,4
-118.099975,34.185403,NA
-102.213423,30.05305,4
-102.397962,30.141051,6
-100.269172,29.985842,4
-110.989708,32.453701,NA
-98.52641,29.563643,3
-97.654547,30.507434,4
-116.454412,32.749344,NA
-98.460312,29.684967,4
-116.998553,32.653712,NA
-116.751257,32.571027,NA
-97.762767,30.564268,927
-98.448037,29.636808,4
-98.73675,29.515024,4
-98.287025,30.770333,3
-111.616476,33.452494,3
-112.49775,33.603297,3
-112.006103,33.828817,4
-111.616454,33.452517,4
-112.496667,33.58712,20
-112.161703,34.152374,NA
-110.889414,32.207347,3
-111.602867,33.452367,5
-110.816754,32.165136,9
-111.616445,33.452585,4
-111.911368,33.437861,6
-116.320587,36.458988,10
-110.779031,32.215279,79
-97.974537,30.631879,4
-99.287439,29.789561,7
-117.815605,33.567317,4
-98.628039,29.557171,4
-98.226638,29.47815,4
-98.529022,29.552222,4
-110.718618,32.236017,NA
-116.462033,32.9727,NA
-117.123219,32.567078,NA
-117.765121,33.781586,4
-116.970617,32.675682,41
-117.140652,32.738054,24
-98.238077,30.54818,44
-97.8146,30.566551,5
-97.700438,30.289239,25
-97.725783,30.184467,3
-98.61994,29.580965,173
-97.998763,30.272922,4
-116.548117,33.749114,NA
-99.635997,30.880704,8
-98.626983,29.561738,4
-98.205892,29.994053,NA
-120.064947,33.996939,4
-97.720139,30.674267,4
-98.614395,29.583228,4
-117.12325,32.567036,NA
-97.815344,30.488128,6
-99.023431,29.988847,NA
-117.289763,33.050575,3
-118.499123,34.363884,NA
-97.853502,30.215506,6
-98.36958,30.522207,5
-117.199317,33.102653,4
-117.118202,32.572915,NA
-98.127117,30.080886,NA
-117.208237,33.098045,14
-117.186692,32.789413,4
-101.149007,29.966515,118
-99.323628,30.657864,73
-97.384401,32.643743,47
-112.694687,33.932895,3
-97.820945,30.208687,4
-116.913305,32.841854,71
-97.859235,30.301847,5
-111.952833,33.885928,NA
-117.794708,33.827288,13
-117.922831,33.889707,4
-98.368397,29.583958,4
-98.621947,30.236737,4
-96.986419,32.62195,NA
-116.931129,32.782177,135
-98.237794,30.548685,4
-122.61194,37.960346,31
-117.118616,33.4606,13
-97.803785,30.479758,4
-117.118539,32.722047,10
-118.497801,34.362961,NA
-100.494217,31.443375,4
-97.824598,30.489868,4
-97.675888,30.376679,4
-117.123634,32.560608,4
-117.562348,33.549885,61
-117.769074,33.618428,167
-97.938398,30.290953,4
-98.04112,30.09686,4
-98.251558,30.655617,NA
-117.19925,33.102669,4
-110.877762,32.25707,4
-111.149547,33.268856,NA
-117.221612,33.085808,2
-117.168542,32.919945,49
-117.061629,33.786798,6
-112.738708,33.9842,4
-117.755543,33.799217,1
-110.984376,32.41537,3
-102.1166,31.962986,4
-119.730004,35.093261,3
-98.64492,29.475992,4
-117.755433,33.799327,1
-117.883634,33.898727,4
-117.891299,33.647077,4
-111.176336,33.272008,NA
-118.527055,34.537978,NA
-98.574977,29.575928,NA
-98.034119,30.034992,4
-117.115811,32.591083,NA
-117.247078,33.248293,3
-111.158481,33.273981,NA
-117.067161,33.07548,4
-108.93713,32.12357,5
-117.940933,33.664525,6
-98.33502,29.658724,6
-117.199822,32.81857,4
-98.761726,29.43956,23
-117.755547,33.799225,2
-98.059173,29.934528,NA
-98.575519,29.621416,4
-117.755546,33.799218,1
-118.184988,34.143422,4
-117.113136,32.638275,NA
-98.486478,29.875277,NA
-117.218505,32.927442,4
-122.314628,37.466042,4
-117.136392,33.094428,723
-117.75564,33.799715,3
-113.62268,37.01557,NA
-121.78412,36.798953,4
-97.651162,30.512256,3
-117.125441,33.769908,33
-117.022003,32.819481,NA
-117.88607,33.654243,8
-117.755611,33.79976,6
-97.915637,30.305684,3
-117.930052,33.986887,7
-117.248828,32.94332,NA
-117.049294,32.98263,4
-117.104636,32.911033,4
-117.120331,33.068909,4
-117.141325,32.635833,NA
-98.344561,29.683227,4
-98.341417,29.681642,10
-122.81265,39.016375,NA
-122.61868,38.115176,4
-98.847,30.714597,3
-98.403167,29.5807,223
-117.23168,33.092953,4
-98.540646,29.597645,17
-98.072772,30.16074,8
-98.014593,30.152583,5
-98.140143,29.639378,3
-117.070077,32.820178,NA
-103.929934,32.337059,8
-117.078808,32.719602,92
-110.816909,32.097589,12
-117.194625,33.094411,20
-98.182991,30.332008,4
-117.19092,32.80155,8
-117.666445,33.845253,6
-118.501846,32.918297,NA
-99.960017,30.905883,3
-117.182755,33.111911,2
-117.098923,34.044319,NA
-110.737584,32.066329,5
-117.206725,33.102642,4
-117.154418,33.082343,3
-117.595542,33.602178,3
-118.512842,34.311003,NA
-117.118172,32.722228,4
-117.0862,32.55402,8
-117.686913,34.148608,10
-117.22158,32.927417,4
-117.269792,33.538942,3
-121.763794,37.302761,4
-117.077942,32.719964,4
-117.201653,33.094878,6
-117.822403,33.561745,4
-117.273055,32.826862,4
-117.172103,32.796037,4
-118.332069,33.72319,222
-118.480688,33.415475,200
-98.471585,29.647462,8
-117.173901,34.100882,828
-117.123358,32.560617,3
-98.489967,32.55212,35
-117.24682,32.939306,122
-117.071681,32.832481,31
-118.968704,34.206909,113
-116.992788,32.719428,16
-116.965697,32.977553,NA
-117.273583,32.827225,39
-115.949177,36.126866,8
-117.078214,33.049603,4
-116.8545,32.760188,16
-118.332069,33.72319,128
-118.838867,36.482883,24
-117.229539,32.796322,37
-117.086019,32.553886,NA
-118.382664,34.018336,4
-118.543105,34.127189,3
-121.188647,38.648508,9
-116.698517,32.726575,3
-116.883361,32.636292,NA
-118.317847,34.488533,48
-118.361442,33.353353,4
-117.008303,33.009239,NA
-118.506247,34.129128,3
-113.400339,37.191493,1
-116.977563,32.931797,NA
-117.152825,33.078097,21
-119.046517,34.106389,6
-117.258413,33.000572,4
-116.800438,32.74612,5
-117.188133,32.854072,64
-117.023971,32.628596,7
-118.92582,34.12235,3
-116.698875,32.726414,4
-117.272147,32.831105,4
-117.011467,33.016753,4
-111.964261,34.650864,4
-117.066879,32.827057,NA
-118.548753,34.088668,NA
-118.40548,33.741813,4
-117.245017,32.672644,NA
-116.963806,32.678311,NA
-118.37983,33.742692,3
-117.257514,32.927981,4
-118.311428,34.126939,NA
-118.382788,34.018343,4
-118.839613,34.300242,4
-118.580543,34.092849,NA
-118.804189,34.277872,2
-117.126611,32.570247,7
-116.906188,32.69265,4
-117.27295,32.825313,4
-117.064592,32.806117,4
-117.069355,32.716647,87
-116.940033,32.727147,237
-118.291847,34.282855,5
-117.083228,32.821278,854
-118.326372,33.770694,13
-121.873969,36.601647,3
-117.043709,32.846141,44
-118.494095,34.29087,4
-117.235266,32.810775,4
-117.105653,32.648831,NA
-117.1157,32.590989,NA
-117.204422,33.108917,12
-116.589325,32.616469,NA
-117.220222,32.893383,4
-117.065325,32.955044,8
-118.630745,34.261588,22
-121.753567,36.663301,106
-117.085656,32.739944,12
-122.109925,37.513931,NA
-120.03077,34.725513,4
-116.760863,32.79662,16
-118.743828,36.151025,64
-117.011663,32.820595,NA
-117.078206,32.838357,NA
-117.253681,32.949289,5
-117.028511,32.749906,21
-116.956078,32.731761,46
-117.219425,32.774309,1
-118.918297,34.114681,3
-117.19869,32.83069,12
-117.578424,33.419195,4
-117.263825,33.005378,4
-117.085189,32.739839,18
-117.260505,32.937142,4
-118.598514,34.516192,46
-116.953773,33.039227,NA
-117.052406,32.810808,NA
-117.086359,32.553998,NA
-122.090722,37.44925,16
-116.831107,33.095043,3
-118.799761,34.224914,9
-118.36065,33.354228,4
-117.126392,32.572846,288
-118.528258,34.281712,9
-117.11625,32.981797,4
-117.194625,32.864037,4
-117.204193,33.052059,4
-105.627301,31.806582,NA
-103.716943,32.550748,NA
-120.760238,36.594742,3
-117.119005,33.460836,20
-118.223135,34.101418,4
-101.401011,32.128949,86
-116.988591,32.728303,30
-117.250655,32.712983,3
-118.71938,36.159211,47
-119.729861,35.093242,2
-117.938403,34.139,NA
-117.24498,32.672858,4
-116.854299,32.742575,NA
-118.495513,34.355378,4
-118.502105,34.363188,4
-117.952103,34.114014,4
-118.097678,34.178487,19
-117.943122,34.117942,4
-117.884972,34.153525,4
-118.496003,34.355258,4
-98.418508,32.86736,3
-117.528079,34.165729,595
-120.230725,34.480711,NA
-118.619855,34.256368,67
-118.614975,34.25688,4
-117.755543,33.799217,2
-110.684342,32.217572,5
-117.556783,33.541164,NA
-120.75278,35.34065,NA
-120.05973,35.10564,NA
-117.072778,32.829138,4
-108.879486,32.276825,NA
-116.866011,32.623308,NA
-98.471732,29.647386,NA
-117.440494,34.020177,NA
-117.255616,32.926952,267
-97.72602,30.503045,20
-120.625725,34.912469,NA
-98.88395,30.712225,4
-97.725686,30.184517,8
-118.046264,34.033211,4
-119.739508,35.112522,4
-118.789963,36.210117,457
-112.02251,33.762247,NA
-112.693772,33.932563,5
-112.088312,33.371115,92
-110.879745,32.267478,13
-111.153183,33.270908,NA
-111.17657,33.290494,4
-98.14883,30.33309,3
-117.244583,32.668933,11
-118.320703,34.522278,24
-117.886142,33.654486,NA
-118.091658,33.749583,3
-117.191383,33.581372,3
-117.70041,33.534941,48
-117.076264,32.822581,4
-117.66352,33.68243,7
-118.09143,33.74948,3
-110.91047,32.406958,4
-116.945388,32.731217,4
-118.306458,34.119828,4
-117.8442,33.63905,4
-121.818439,37.393603,NA
-121.712653,36.588525,4
-117.27942,33.173458,5
-122.639542,38.171562,33
-117.088547,34.053058,4
-117.19352,33.140008,4
-117.207972,34.032599,100
-116.980408,33.090395,4
-121.054955,39.202962,4
-117.737419,33.522997,NA
-117.064996,34.074413,54
-98.084188,30.219531,6
-116.996155,32.76023,4
-116.990621,34.024883,34
-121.734458,39.780005,7
-117.759177,33.596895,4
-111.133133,33.656945,4
-122.500773,37.719145,22
-117.188806,32.855178,38
-121.694542,36.615039,11
-117.26037,33.510345,NA
-98.351986,29.687888,4
-98.250625,30.334853,3
-117.17936,33.149832,NA
-119.197185,34.289451,NA
-117.010332,32.817277,NA
-119.926312,37.472092,3
-118.684495,34.03225,4
-121.941407,36.519172,4
-122.094422,37.445337,25
-117.279342,33.173486,NA
-118.697625,34.095967,4
-117.028183,32.749828,2
-121.674662,36.61332,4
-121.915375,37.880847,4
-119.293372,34.456361,NA
-117.796158,33.910224,NA
-97.522955,30.28787,5
-122.282263,37.46073,4
-116.939606,32.727506,4
-118.688492,34.08592,4
-121.173107,35.639535,10
-117.280136,33.051058,NA
-122.516037,37.854095,3
-120.463173,35.192261,44
-121.879173,36.600082,100
-118.818402,34.078817,8
-118.504093,33.446267,20
-117.823082,34.090668,281
-118.02419,33.684566,4
-118.513588,34.055145,4
-121.796097,37.398651,NA
-117.060692,32.792175,45
-117.210563,33.091592,4
-118.36328,33.363637,4
-117.15538,33.077625,4
-117.06514,32.842092,389
-124.025716,40.343852,265
-117.607199,33.547532,97
-117.022003,32.81905,NA
-117.128294,32.566146,4
-116.955644,32.731956,3
-119.86357,35.187647,NA
-118.923272,34.121125,4
-118.689505,34.088367,4
-116.705161,32.718247,3
-120.941154,38.189266,50
-117.617361,33.715202,3
-117.78286,33.656325,15
-117.192547,32.769443,5
-118.352984,34.110248,375
-121.879173,36.600082,100
-121.692593,36.578547,NA
-117.199692,33.102678,35
-117.184074,33.171594,4
-117.075674,32.821298,4
-116.988822,32.786014,4
-118.936824,34.044151,17
-121.915383,37.880858,3
-119.863589,35.187642,NA
-121.185316,36.484222,4
-121.167815,38.6881,3
-121.936493,37.213329,NA
-117.165444,33.115483,4
-121.558053,36.0619,3
-121.896936,37.160102,27
-117.125694,32.560573,4
-111.765205,34.768995,4
-117.244986,32.672797,NA
-117.875294,33.650537,4
-121.912553,36.422875,3
-117.245068,32.672637,52
-116.940453,32.727664,4
-118.561746,34.052631,30
-117.195433,33.102883,4
-117.075042,32.834914,56
-117.408848,34.208086,196
-117.212481,32.864031,NA
-117.126053,32.5606,3
-117.244961,32.673,31
-117.213786,32.859036,NA
-121.868195,37.124725,4
-119.530014,34.401267,8
-117.043929,32.847388,27
-119.529992,34.401178,8
-110.87528,32.269112,3
-117.040025,32.842314,41
-121.695176,36.590834,NA
-117.312416,33.121784,4
-122.657486,38.022203,11
-121.478231,37.347983,NA
-121.435612,36.097228,NA
-118.407212,33.795395,3
-121.694502,36.582982,NA
-119.781147,34.456369,NA
-117.258133,32.927653,8
-117.770448,33.601162,NA
-98.122917,30.364242,134
-122.412464,37.936731,NA
-121.761421,36.489861,NA
-121.502167,36.756832,465
-121.441392,37.145007,NA
-122.433526,37.691778,55
-121.761289,36.492532,NA
-122.105392,38.508642,4
-122.425492,37.859163,4
-118.369245,33.405524,9
-118.33574,33.330822,52
-119.872044,34.506547,NA
-122.553779,37.963811,4
-108.17073,36.7346,16
-108.170647,36.734517,13
-117.258164,32.927556,4
-117.085106,32.739786,200
-116.857353,32.823128,4
-116.705186,32.714894,4
-121.753367,36.844028,NA
-119.489424,34.383435,3
-119.50253,34.386113,4
-119.69025,34.021766,NA
-119.781147,34.456369,NA
-120.050175,34.015153,NA
-118.355303,33.331292,4
-118.56823,34.051997,2
-119.552612,35.028686,4
-118.56147,34.060286,4
-118.495588,34.354988,13
-117.838001,33.572364,95
-121.764325,36.639219,NA
-116.79863,32.863888,4
-118.056572,33.708282,4
-117.081483,32.825258,113
-116.572992,33.044933,3
-120.839975,35.344993,NA
-117.20575,33.112686,10
-116.760728,32.796633,5
-117.183388,33.089439,3
-117.239155,32.814533,4
-97.605084,30.471086,1
-120.048333,33.998108,7
-117.263947,33.005615,4
-117.206795,33.097053,4
-117.76387,33.608046,154
-118.025575,33.683572,4
-122.375107,38.808513,NA
-117.263127,33.005855,33
-117.160561,32.980747,4
-123.086204,42.122767,NA
-120.720845,35.333219,NA
-121.941686,36.509717,NA
-121.784614,36.639645,NA
-104.210271,32.256145,3
-118.342438,33.743422,4
-117.945938,34.11795,4
-117.945672,34.118461,4
-117.048592,33.18177,4
-112.022208,34.749787,24
-111.733392,33.43888,9
-117.755753,33.79704,1
-117.947487,33.660008,4
-117.771378,33.819722,4
-117.68712,33.851253,3
-121.810905,36.587763,95
-117.272095,32.831405,4
-117.132103,32.980647,4
-117.19681,32.83127,15
-118.05885,33.710011,NA
-121.941757,36.509538,14
-102.089645,30.867857,5
-102.089875,30.868177,5
-118.155633,34.203613,4
-117.288345,33.117283,3
-117.121764,32.911912,4
-116.706691,33.016957,75
-117.722226,33.837419,4
-109.12828,31.914213,3
-117.137064,32.630631,NA
-117.427812,33.974962,9
-117.875142,33.651699,3
-122.504897,38.372514,9
-117.014868,32.644655,7
-117.079086,32.845276,374
-117.732442,33.881117,NA
-117.068717,32.830561,NA
-117.120902,32.722162,29
-117.609948,33.836224,360
-117.602406,33.836963,NA
-116.884556,32.631376,30
-117.297578,33.117497,3
-118.176762,34.097494,NA
-117.622817,33.676187,3
-118.611753,34.273918,15
-118.575356,34.084869,4
-117.434614,33.970093,37
-117.0598,32.818165,6
-116.711494,33.008273,123
-121.743244,36.632381,NA
-116.895173,32.914648,889
-118.569267,34.290213,4
-118.624906,34.26793,7
-118.200407,34.099826,4
-116.669214,33.423117,NA
-110.73127,32.189484,5
-116.820829,33.127587,486
-119.896569,34.981111,NA
-101.714257,31.8743,NA
-117.762386,33.817482,29
-118.28532,34.125518,34
-118.384286,34.27032,1
-117.770471,33.819209,90
-118.384398,34.270329,1
-118.384702,34.27014,2
-118.371644,34.262209,1
-118.372184,34.262834,1
-118.372357,34.263035,8
-117.09796,32.614712,6
-117.059854,32.818091,4
-117.553863,33.634267,4
-117.553253,33.635687,4
-118.095917,34.181362,4
-118.531303,34.286095,4
-118.097755,34.18433,4
-119.737569,34.416237,8
-117.882692,34.153439,4
-118.095917,34.181387,4
-117.236506,32.812815,4
-117.821922,33.794575,4
-117.957337,34.116464,4
-117.954225,34.115597,4
-117.948233,34.114156,4
-117.952645,34.121553,4
-118.405898,34.227384,8
-117.954155,34.115508,4
-117.951522,34.114231,4
-117.949617,34.1142,4
-117.953772,34.115342,4
-116.662172,32.734419,NA
-117.95678,34.117111,4
-117.955658,34.118225,4
-118.046342,34.033158,4
-117.954942,34.119025,4
-116.660367,32.735408,NA
-117.954887,34.119081,4
-117.9542,34.11977,4
-118.355858,33.771362,4
-117.95623,34.117808,4
-118.619125,34.513377,NA
-122.466333,39.064583,NA
-121.709018,36.596749,4
-111.969365,33.88507,895
-118.522522,34.400997,5
-118.505883,34.39092,112
-117.724587,33.71797,3
-117.020406,32.827736,3
-117.225328,33.122208,8
-118.650213,34.102239,6
-117.303847,33.169833,3
-117.76977,33.569472,3
-117.221812,33.087086,4
-117.950355,34.118697,4
-117.951837,34.115108,4
-117.762628,33.622138,3
-117.762472,33.618787,4
-117.2566,33.103272,4
-117.782203,33.569988,13
-117.152161,33.150433,3
-117.950705,34.116572,4
-117.76518,33.563533,386
-117.308183,33.286911,NA
-117.766463,33.563638,4
-117.767312,33.565475,3
-117.951125,34.116178,4
-116.812142,32.746461,5
-118.16592,34.198717,8
-118.283437,34.119645,5
-117.135369,33.018253,4
-116.914313,32.832492,4
-110.686303,32.083696,NA
-118.559233,34.360353,6
-98.125136,29.722163,4
-117.249303,33.717134,7
-118.053214,33.702658,6
-117.93889,33.664072,20
-97.728888,30.50075,4
-98.487572,29.402192,4
-121.754302,36.47654,50
-97.746143,30.518387,NA
-112.140458,33.912975,4
-112.139908,33.916233,4
-117.833057,33.567995,7
-112.13913,33.916022,4
-112.139283,33.916997,4
-98.62968,29.585314,4
-121.795754,36.476698,8
-121.806456,36.464631,16
-112.147544,33.87827,3
-98.125772,29.721862,33
-121.806992,36.465461,22
-119.066023,34.090072,5
-112.33483,33.90565,5
-117.407581,34.017284,20
-117.544638,33.566005,3
-117.946578,34.117878,4
-117.946595,34.117881,4
-112.159661,33.864338,65
-117.707178,33.463006,8
-121.815128,36.499364,27
-98.20295,30.549172,4
-97.605008,30.471178,8
-117.555152,33.541195,142
-117.115048,32.968767,99
-117.46207,33.756604,65
-98.309486,29.632517,8
-112.137817,33.843842,3
-98.465634,29.637489,4
-97.975655,29.8842,3
-116.923486,32.717614,4
-117.597755,33.838653,40
-98.320642,29.642611,6
-97.809967,30.242997,4
-119.691147,34.477161,5
-116.753058,32.81788,4
-118.412709,33.74635,8
-116.921822,32.717353,4
-117.317877,33.944453,16
-97.781228,30.28422,4
-98.458713,29.628825,NA
-115.424644,36.157166,35
-118.865165,34.14727,5
-118.689997,34.053062,5
-119.762275,34.461045,NA
-98.538987,30.085347,4
-112.152047,33.879158,3
-112.150025,33.879028,4
-112.152039,33.879197,3
-117.566327,34.14909,16
-98.328033,29.669815,137
-117.752672,33.82291,286
-97.803329,31.138062,92
-117.323578,34.185295,7
-98.509189,29.561369,16
-121.181059,36.492751,3
-117.24945,32.876483,3
-121.794301,36.649147,3
-98.367244,29.585676,7
-118.766039,34.150651,40
-98.327089,29.670295,8
-117.820852,33.827269,92
-117.820852,33.827269,92
-98.274894,29.692666,9
-98.299575,29.640057,815
-98.300287,29.639421,3
-99.001905,29.670338,6
-98.716347,29.428097,4
-98.299597,29.64004,7
-97.788664,30.503068,605
-117.697883,33.862433,NA
-117.740442,33.836487,78
-98.29469,29.68203,8
-98.481088,29.461325,35
-98.294728,29.682179,3
-98.657076,29.609227,4
-98.739531,29.634291,8
-98.272932,29.691052,168
-117.733463,33.657613,NA
-98.392207,29.606456,4
-99.124504,29.738785,117
-118.593358,34.288936,NA
-98.077728,29.813192,11
-98.098936,29.998037,9
-121.796248,36.649615,9
-121.775298,36.463905,850
-111.662208,33.5831,5
-117.321113,33.79103,4
-117.470935,33.769754,41
-117.078797,32.540683,4
-111.661987,33.583225,5
-117.138383,32.630797,4
-117.330328,33.636045,4
-117.439396,34.0431,9
-97.735207,30.664897,NA
-98.222195,29.838374,8
-98.126849,29.721988,6
-97.781128,30.284295,7
-97.899587,30.505677,3
-98.578974,29.262739,5
-97.800484,31.145887,280
-98.481178,29.46165,4
-98.2035,29.764736,4
-121.931045,37.889925,4
-118.360138,33.327587,3
-111.609291,33.452388,4
-117.946655,34.117897,4
-117.714912,33.935117,4
-119.649131,34.459053,NA
-97.990666,30.383671,29
-117.409667,33.802147,NA
-97.77678,30.503935,NA
-99.756218,30.474863,7
-98.619985,29.58002,6
-112.018841,33.822372,616
-98.611032,29.582247,4
-110.980422,32.339458,4
-98.023617,30.507522,4
-99.756263,30.474808,4
-110.877744,32.213492,42
-117.330581,34.110832,6
-116.924164,32.632514,3
-117.092194,32.600586,370
-99.761789,30.487697,8
-98.422423,29.794964,3
-98.393736,29.605613,3
-117.55629,33.540588,4
-117.75874,33.809892,NA
-118.333397,33.725405,4
-98.669442,29.723282,3
-98.390205,29.667698,3
-98.533845,29.819063,4
-97.21788,31.484217,8
-98.473865,29.608218,4
-98.076228,29.813003,8
-97.807999,30.220032,232
-98.481138,29.461717,15
-98.132164,30.84888,4
-97.766247,30.510093,784
-121.844866,36.621864,4
-117.629803,33.690532,NA
-100.384165,29.653612,4
-98.200887,29.89625,NA
-98.42902,30.080656,685
-98.530166,29.553469,5
-97.724258,30.665917,4
-98.499987,29.863158,4
-98.620045,29.582109,128
-117.885918,33.65237,NA
-97.763428,30.508127,NA
-97.758371,30.511014,316
-100.342467,29.862565,8
-98.328074,29.657167,4
-97.041173,33.30739,NA
-97.907058,30.963375,3
-117.658387,33.687367,5
-98.369812,30.737117,NA
-98.389446,29.659285,7
-117.695039,33.8759,NA
-97.756035,30.511502,NA
-98.620048,29.478585,NA
-117.325203,33.708953,4
-117.641291,33.675044,7
-97.860153,30.30204,4
-97.769092,30.51026,NA
-122.411318,37.678836,4
-97.648205,30.687503,200
-117.811888,33.877993,128
-99.158986,30.050177,7
-118.456422,34.1441,34
-100.485542,31.389603,681
-98.441314,29.543414,NA
-97.65119,30.512224,5
-117.397664,33.672039,9
-97.218887,31.478597,4
-98.410801,30.535346,10
-117.843824,33.639872,4
-117.713225,33.872956,NA
-110.881512,32.265412,35
-117.88607,33.653355,13
-117.103347,32.541806,8
-99.272944,30.189021,4
-97.661148,30.221209,94
-101.063059,32.309617,112
-118.056234,33.708122,2
-117.399189,33.67199,9
-117.774456,33.818816,96
-98.630157,29.552207,NA
-99.077803,30.018728,8
-118.406189,33.744544,4
-117.008676,32.816727,136
-117.760206,33.840881,77
-121.835143,36.49616,9
-117.32478,34.218585,98
-118.346368,33.738348,5
-118.344409,33.739629,33
-117.076225,32.821655,NA
-117.097953,34.100173,NA
-118.388028,33.7539,405
-98.573931,29.621807,476
-117.738375,33.775483,107
-117.146039,32.933261,NA
-118.513653,34.059729,15
-98.629695,29.560782,13
-118.4709,34.173662,15
-97.276322,31.4946,8
-98.391231,29.605578,265
-111.96277,33.894088,4
-97.884621,30.214097,NA
-118.225543,33.87154,NA
-98.484878,29.874138,14
-98.594337,29.589347,NA
-98.366964,29.586175,6
-121.714961,36.629462,4
-121.756406,36.640128,3
-98.591737,29.5783,NA
-100.324514,29.848448,5
-98.049497,30.660054,126
-98.456678,29.560646,3
-118.57132,34.10468,44
-117.888312,34.16543,NA
-117.076162,32.821542,NA
-98.578986,29.262759,35
-117.029922,32.856342,5
-98.574875,29.57235,NA
-98.478711,29.599596,4
-117.111153,32.638875,5
-97.700453,30.289673,4
-98.321584,29.645012,8
-121.79898,36.654945,1
-117.789106,33.823208,NA
-117.756804,33.801802,NA
-118.578492,34.089047,4
-117.785928,34.090225,4
-98.692362,30.024678,4
-116.885505,32.800575,3
-117.556647,33.55178,4
-116.655754,33.988318,225
-118.22527,33.871527,NA
-117.126652,32.574904,14
-117.765023,33.817767,NA
-118.611769,34.273888,18
-98.393314,29.605317,4
-98.106139,28.969103,4
-98.106171,28.969106,3
-117.789995,34.090714,4
-118.574881,34.10161,15
-110.88095,32.265792,NA
-97.46695,31.19817,3
-98.366175,30.733881,7
-98.517995,29.562586,207
-97.79708,30.610253,3
-117.066825,32.805736,4
-112.006103,33.82882,4
-98.458687,29.629219,4
-117.942392,33.657932,NA
-97.276333,31.494486,NA
-117.235,32.841988,4
-111.961495,33.896362,4
-118.200556,33.846111,NA
-98.061485,31.034897,4
-118.775353,34.189908,523
-118.2891,34.135142,NA
-97.656242,30.510933,NA
-97.733147,30.498133,41
-97.66247,30.509103,NA
-121.155067,37.426753,4
-120.836617,36.553172,8
-120.816832,36.708728,4
-121.81063,36.678688,4
-121.812484,36.679817,346
-121.807331,36.703175,471
-112.152122,33.878822,3
-112.832497,33.50335,4
-117.761701,33.820047,13
-116.976347,32.675938,37
-104.491641,32.809255,NA
-117.122422,32.597438,3
-97.711351,30.883847,189
-118.200556,33.846111,NA
-118.378893,33.742729,7
-115.017134,36.207379,NA
-104.217151,32.420098,8
-118.192949,34.145666,NA
-97.681415,30.852473,66
-110.823678,32.309055,5
-97.589631,31.703169,NA
-99.90242,32.23267,4
-97.880279,30.217065,NA
-98.154012,30.559194,31
-117.399517,33.67167,4
-117.277327,33.94098,10
-117.2614,33.951134,124
-102.777863,33.182292,4
-98.173002,30.430124,74
-117.132523,32.795532,103
-122.279281,37.465233,4
-116.948424,32.620371,3
-102.299209,31.908566,12
-99.712852,32.458473,NA
-102.81173,31.619517,4
-117.055773,32.818544,8
-118.33307,34.274578,3
-116.871772,32.690597,27
-118.606046,34.093317,6
-117.785957,33.863006,NA
-117.421994,33.973235,15
-117.109518,33.893668,160
-98.654367,29.523144,NA
-98.320606,29.512064,3
-97.70124,31.401678,264
-97.780041,30.181348,7
-97.675011,30.520233,81
-97.734635,30.666293,NA
-98.478733,29.599594,4
-97.469178,31.08557,3
-101.322322,29.695413,89
-97.724922,30.672642,NA
-99.756189,30.474829,6
-98.38385,30.724731,60
-98.24844,30.331457,7
-118.202213,33.847482,NA
-116.993392,32.722558,6
-115.241479,36.303299,9
-119.634889,35.066842,5
-118.595528,33.017145,6
-97.646142,30.235767,92
-117.630745,33.691863,5
-118.407813,33.768008,5
-98.345394,30.79255,NA
-117.07695,32.541901,3
-119.668645,34.449299,3
-121.804553,36.680353,149
-97.913907,29.911601,NA
-111.481597,33.45933,485
-99.128862,30.134646,8
-97.871488,30.519315,6
-117.057158,32.815861,1000
-118.400965,33.739003,NA
-97.808348,30.187706,106
-118.144117,34.214549,4
-117.292275,34.029953,6
-118.013606,34.163403,480
-98.445289,29.632807,6
-118.5449,34.075961,4
-97.84585,30.200691,NA
-117.07923,32.84148,6
-111.928093,33.345088,5
-111.928062,33.344937,4
-98.203168,30.232883,8
-97.697006,30.491867,41
-97.840737,30.250128,3
-117.20675,33.096572,10
-97.915505,30.343078,26
-117.545013,33.565403,3
-111.966112,33.471747,4
-97.726747,30.520156,NA
-104.257707,32.136993,NA
-98.341004,29.665296,5
-119.02678,36.465787,3
-117.01643,32.822225,NA
-117.729464,33.549561,48
-117.011712,32.820632,NA
-117.947037,33.899272,5
-118.306703,34.213617,16
-98.415471,29.644743,10
-116.941458,32.748325,4
-118.91802,34.219957,8
-121.172527,36.494103,NA
-117.60912,33.590781,8
-117.215447,32.839663,4
-119.000646,34.38985,NA
-117.2825,33.071433,4
-118.062697,34.171907,2
-116.954369,33.044647,NA
-117.245142,32.672269,11
-117.56858,33.552478,5
-117.826606,33.790128,NA
-98.127676,30.037623,20
-98.565158,29.577361,NA
-117.011723,32.820658,NA
-98.088494,30.068558,4
-112.145972,33.839692,4
-97.651177,30.5123,7
-111.966147,33.47168,4
-116.539505,33.074647,5
-117.253566,33.562938,3
-121.198139,36.485328,NA
-97.808832,30.188816,NA
-121.159386,36.457058,3
-112.694588,33.932645,4
-118.667536,34.206704,2
-118.904442,34.219862,4
-119.73456,34.411655,9
-98.393762,29.605584,5
-116.988481,32.786156,3
-121.178023,36.491815,54
-97.676108,30.536567,4
-98.049177,30.281464,4
-117.463844,33.805562,4
-117.466325,33.803483,3
-98.127464,30.081575,NA
-97.7313,30.663908,4
-118.09602,34.180253,31
-117.7052,33.890792,NA
-97.892082,30.338657,4
-118.374823,33.7394,76
-97.651168,30.512286,4
-122.347703,38.825297,6
-97.170779,30.096752,70
-97.264383,30.135583,150
-98.574287,29.591008,NA
-117.075202,32.709732,9
-117.238871,32.844471,8
-116.9399,32.7276,25
-117.124406,32.717181,35
-97.170805,30.09622,NA
-117.08389,32.826298,3
-116.9557,32.7319,25
-117.279817,33.074397,15
-117.830758,33.920837,28
-121.722044,36.643058,NA
-117.777205,33.673728,5
-118.808975,34.222757,7
-117.290177,33.032536,3
-97.680603,30.852917,NA
-117.0284,32.7499,25
-117.308342,33.170453,9
-117.461125,33.652905,20
-117.03368,33.084804,20
-97.902212,30.100351,9
-116.942002,32.859192,77
-97.913492,31.132953,4
-117.688042,33.869819,NA
-98.532191,29.551812,9
-117.955042,33.972906,NA
-98.448278,29.603244,NA
-97.42073,32.651233,3
-98.07568,28.81933,9
-101.210862,30.706046,3
-110.745688,32.211995,4
-98.558444,29.551762,4
-117.68048,33.864913,NA
-111.365762,34.036183,4
-122.642639,37.926983,4
-118.511283,34.090083,4
-98.367237,29.585645,5
-118.633025,34.240008,56
-121.174625,36.490488,44
-98.098828,29.998078,NA
-111.895212,34.828778,5
-117.1139,32.973329,NA
-97.734236,30.666039,NA
-117.629592,33.481342,3
-97.465315,31.017806,3
-116.983367,33.089225,4
-116.95168,32.719301,15
-98.342144,29.812785,200
-98.334587,29.658648,6
-97.651164,30.512369,5
-98.016461,30.241522,4
-98.448045,29.552145,3
-117.674335,33.862371,NA
-98.715118,29.779844,59
-117.324312,33.119445,15
-97.729771,30.506664,5
-98.342145,29.812775,200
-117.764278,33.779035,158
-97.875353,30.547113,4
-97.651119,30.512243,3
-110.821892,32.171967,8
-97.167011,30.101249,153
-98.837632,29.537543,25
-117.765328,33.819624,849
-98.075733,29.813473,5
-117.081536,33.056717,4
-97.971196,29.94698,9
-98.363846,30.743118,94
-116.982955,33.089297,4
-118.234793,34.076109,18
-98.41547,29.645361,9
-117.207253,33.097636,4
-117.729125,34.136708,4
-117.76445,33.781281,255
-98.837632,29.537543,25
-116.942108,32.747825,8
-117.070694,32.82617,4
-98.403301,29.705846,7
-98.891633,30.262508,4
-97.683751,30.398015,52
-117.050914,32.818473,4
-121.174231,36.490589,5
-117.94254,33.663867,252
-118.426981,34.200533,NA
-97.526602,30.286718,326
-117.546575,33.665915,NA
-118.331987,33.35017,8
-118.377319,33.742145,109
-117.218522,32.927345,4
-97.811751,30.977547,4
-118.179292,33.810884,3
-97.873265,30.185489,275
-117.93769,33.66721,4
-119.960548,35.986969,4
-120.695304,35.226506,302
-117.282463,33.071317,4
-121.811753,36.318662,4
-121.4178,36.839508,5
-118.482111,33.443829,3
-121.784103,36.79893,4
-117.022942,33.01722,5
-117.248004,32.940356,336
-121.784112,36.79905,4
-118.472617,33.382688,3
-117.221663,33.085803,4
-117.080986,33.04975,NA
-120.475062,34.479988,4
-98.06571,30.305518,15
-117.140692,32.637658,7
-121.808922,37.507192,7
-117.084825,32.55407,NA
-120.041199,34.467205,256
-118.040205,34.0246,10
-116.963022,32.54999,5
-117.746895,33.791605,4
-117.762894,33.770386,4
-117.382081,33.632441,NA
-97.809892,30.487533,5
-117.83256,34.155007,284
-116.9664,32.982925,4
-117.18522,32.786738,NA
-97.600031,30.455036,2
-116.799211,32.746157,5
-117.273997,33.011469,NA
-121.821073,36.308147,4
-116.533774,33.076824,NA
-117.049972,32.846775,6
-112.145233,33.861272,466
-121.804313,36.696662,NA
-98.477667,29.632294,68
-116.942478,32.728763,NA
-117.401049,33.97863,3
-117.21965,33.087986,24
-98.33473,29.658045,5
-116.64208,32.863348,3
-117.77323,33.83313,3
-119.034753,34.109456,24
-113.341283,37.216864,NA
-117.759029,33.597035,NA
-117.254607,33.01015,8
-110.23106,31.911593,14
-117.18971,32.81294,12
-118.526375,34.061615,4
-118.17778,33.808258,8
-97.582042,30.936694,23
-122.374938,38.838403,10
-118.439657,33.354241,3
-116.872132,32.665491,248
-117.344186,33.59895,NA
-116.944861,32.7438,4
-116.955619,32.731647,4
-117.082742,33.051406,3
-116.742039,32.980421,NA
-117.053191,32.818409,6
-116.862197,32.65943,12
-117.109468,32.939321,8
-117.356009,33.807608,NA
-121.816857,36.65326,3
-121.767697,36.677143,NA
-117.118256,32.722233,3
-117.060394,32.792336,3
-119.928154,37.494014,8
-116.744967,32.994275,NA
-117.221572,32.927025,7
-117.145558,32.735392,NA
-116.537947,33.073292,5
-117.63764,33.886035,79
-117.63741,33.886652,4
-120.69175,35.248017,3
-117.079666,32.822021,NA
-117.114613,32.968859,NA
-116.978977,32.922985,NA
-117.07595,32.822414,3
-117.120186,32.976752,2
-117.127728,32.559483,15
-118.85228,34.155903,4
-117.195065,33.209923,8
-117.209755,33.099075,20
-116.542472,33.072181,5
-117.099898,32.81649,4
-121.775594,36.247615,15
-117.23178,33.093003,4
-118.790393,34.079157,4
-117.1605,33.066125,6
-121.174369,36.483146,22
-119.889252,37.521009,9
-118.885222,34.050781,4
-118.631195,34.241287,8
-119.676087,34.446675,5
-118.895071,34.236329,9
-118.993599,34.230621,4
-122.579194,38.388325,5
-118.173524,34.097348,9
-119.509906,34.387122,119
-118.101122,34.185426,61
-117.619134,33.711511,7
-119.262898,34.244908,214
-116.31288,36.47,4
-118.624222,34.2523,NA
-120.66545,35.263345,4
-117.617982,33.83961,5
-118.729358,34.100439,NA
-117.942394,33.664056,285
-118.512457,34.061224,8
-120.866819,38.65488,NA
-118.854212,34.160483,4
-102.793268,30.895011,5
-111.771767,34.671983,NA
-99.24942,31.994712,6
-117.146963,32.938567,8
-117.24499,32.672697,15
-117.075836,32.822987,5
-118.761689,34.489342,5
-104.380103,32.565637,10
-118.558227,34.567803,142
-97.708842,32.281329,7
-118.888206,36.461159,42
-118.638983,34.453762,4
-122.093314,37.446413,4
-99.570736,29.807745,100
-118.473478,33.386641,486
-117.243472,33.561875,92
-117.05601,32.817952,194
-117.466337,33.803544,8
-117.05601,32.817952,194
-117.063563,33.785004,21
-99.5715,29.80844,50
-117.05601,32.817952,194
-106.427955,31.815553,4
-111.838195,34.610533,4
-118.524033,33.4607,41
-117.27558,33.982178,3
-121.780212,37.406463,5
-117.358546,33.706165,25
-118.565963,34.346295,4
-117.637364,33.885983,7
-117.05601,32.817952,194
-118.684172,34.032261,3
-122.069047,37.527778,4
-99.033968,31.85875,134
-118.550613,34.099522,46
-121.742425,36.598402,9
-118.06217,34.172653,1
-103.302876,29.275506,566
-118.473806,34.177685,4
-117.05601,32.817952,194
-118.473478,33.386641,486
-104.242443,32.13158,4
-99.389377,30.14375,5
-99.490281,31.529321,4
-117.12095,33.558025,10
-119.512231,34.387491,4
-98.678612,32.351398,NA
-99.902841,32.233387,50
-100.643464,30.574089,NA
-112.56847,33.946752,NA
-122.632223,37.967693,NA
-119.10172,34.10533,NA
-122.298674,37.921064,5
-116.83874,32.826838,4
-117.381917,33.631948,NA
-117.3899,33.2084,NA
-117.39836,33.42558,NA
-117.430977,33.968327,36
-117.929467,33.985195,4
-98.630913,29.551203,4
-98.073853,30.620866,100
-98.334653,29.658697,6
-98.247078,30.310388,4
-98.246413,30.471733,4
-98.082889,29.989925,40
-116.669511,32.747097,3
-117.01763,33.081372,5
-117.271338,33.980713,3
-119.488348,37.140503,NA
-122.098045,37.454193,4
-118.485245,32.874737,8
-121.914236,38.008768,NA
-120.50285,35.438882,192
-118.46795,32.90103,6
-118.816422,34.077728,55
-122.154132,37.346025,61
-97.81103,30.13958,NA
-117.797121,33.892451,23
-117.92314,33.89465,NA
-118.330961,34.274862,8
-119.062622,34.093525,8
-118.36074,34.270261,8
-117.133133,33.090892,15
-118.470795,34.178685,15
-111.109883,33.252061,NA
-117.39401,33.4307,NA
-118.345262,33.327603,5
-118.097672,34.177995,4
-117.564142,33.551242,4
-117.708412,34.144703,4
-117.213937,33.70745,5
-117.21395,33.707458,5
-117.757958,33.602089,4
-113.47468,37.157268,NA
-121.799512,36.650834,488
-120.117672,34.47245,NA
-110.778761,32.215197,NA
-117.683728,33.771448,NA
-106.40507,31.791395,4
-118.826845,34.043278,3
-97.17052,30.09794,NA
-110.706859,31.977769,6
-112.679908,33.914147,11
-111.118126,33.285126,353
-117.11485,33.19899,NA
-117.154075,33.36525,85
-118.286214,34.233876,NA
-119.196801,34.292988,4
-98.034089,30.058339,4
-117.077836,32.719578,4
-117.086328,32.739497,3
-121.696256,36.622605,NA
-117.049946,34.052776,465
-122.630578,38.437978,5
-97.746445,30.349989,35
-117.146157,32.933191,NA
-117.589713,33.395095,4
-116.765792,32.825488,4
-117.028581,32.749931,3
-117.19025,32.794,6
-117.03881,32.78334,15
-117.213947,32.927514,NA
-122.247003,40.916114,4
-118.220916,34.175353,16
-116.93042,32.721439,NA
-117.07595,32.822397,3
-117.852663,33.658613,443
-117.074447,32.834544,4
-118.437414,34.37855,NA
-117.1183,32.722078,3
-98.366346,29.583126,4
-119.97702,34.578514,NA
-118.186845,34.076183,3
-117.24498,32.91843,5
-119.510266,34.386634,6
-120.04291,34.694048,4
-118.752121,34.12147,3
-121.711434,36.620449,7
-119.196793,34.292877,4
-116.989067,32.786272,4
-121.742813,39.79445,4
-119.566147,34.051853,10
-119.567489,34.051466,NA
-122.642708,37.972935,NA
-121.698386,37.573169,4
-121.949512,36.517828,NA
-118.196802,34.101592,100
-113.390852,37.223537,5
-118.195554,34.094148,134
-121.933662,37.862847,12
-97.67765,30.65545,3
-116.53156,32.68559,8
-121.786856,36.642631,NA
-121.162124,36.482301,9
-117.093383,32.737791,8
-117.221642,33.076664,6
-117.714109,33.464094,NA
-118.663283,34.261833,4
-119.907352,37.506087,6
-120.031686,34.590113,5
-97.874458,30.084284,56
-121.743167,37.490554,10
-117.204087,33.083725,6
-118.748896,34.153353,1
-118.018669,34.171478,4
-121.787872,36.771708,4
-122.376812,38.870913,NA
-119.959355,37.486908,5
-118.379005,33.742494,5
-119.510094,34.38702,8
-120.34745,34.835097,4
-120.210496,34.493433,122
-117.246703,33.359672,4
-119.886297,37.65355,6
-118.048542,33.697327,NA
-118.016286,34.033527,3
-118.559913,34.05455,4
-117.112857,32.981022,5
-117.257561,32.936188,146
-117.822638,33.562003,4
-118.715675,34.096267,8
-120.062003,34.741988,4
-122.283238,37.462614,4
-117.708589,34.144269,NA
-117.169297,33.113525,8
-116.9403,32.727303,4
-98.578423,29.62215,3
-117.230988,33.0962,11
-117.007511,32.569803,NA
-117.563475,33.551149,315
-117.773037,33.917514,4
-121.695718,36.583524,202
-117.759012,33.607405,5
-117.258758,33.003011,4
-117.709572,33.533397,4
-122.404572,38.858142,8
-117.848472,33.661562,4
-117.812238,33.5742,4
-118.831097,34.13675,4
-117.079995,34.060807,NA
-117.308167,33.13185,4
-117.234817,32.995987,4
-117.345208,33.799642,NA
-116.813092,32.695278,NA
-118.750159,34.037853,34
-117.037689,32.839806,4
-117.705606,33.891036,NA
-117.043892,32.844078,4
-117.258195,32.927575,17
-116.721885,33.347967,3
-116.727462,32.61896,NA
-117.161286,33.071981,203
-116.930656,32.646791,3
-122.27642,37.46793,4
-117.199325,33.102622,4
-116.940467,32.749481,4
-117.172312,33.11052,4
-117.257778,32.924112,171
-116.940728,32.748185,5
-121.693881,37.315226,NA
-117.208695,33.098728,3
-117.141159,32.638812,3
-117.493744,33.506957,NA
-116.54248,33.073075,5
-117.119079,33.063497,3
-117.075792,32.899922,3
-117.128128,32.606138,4
-117.280605,33.051597,3
-116.770982,33.264001,4
-98.106261,29.788522,4
-121.763389,37.303269,3
-121.763061,37.303406,4
-98.1428,29.63881,NA
-122.094576,37.444929,NA
-117.649908,33.613737,NA
-121.925626,37.875103,657
-120.752499,36.1834,4
-123.992851,40.874068,NA
-118.48478,33.442795,3
-121.765415,37.507825,8
-118.294858,34.237333,NA
-117.185957,34.021897,5
-122.10723,37.459105,4
-84.210407,39.760013,23
-122.017615,37.432008,NA
-108.287203,32.770891,NA
-122.213515,37.869296,11
-119.032187,34.088693,89
-119.032177,34.088717,8
-118.399919,33.767573,9
-120.71017,35.263928,NA
-118.71882,34.714895,6
-117.889388,34.169442,4
-118.764533,34.150967,4
-117.657133,33.689442,NA
-122.472528,38.125911,5
-118.299867,34.119477,NA
-122.087889,37.43436,11
-119.024978,34.077925,NA
-122.01722,37.219757,4
-122.258693,37.94798,8
-118.537645,34.138108,4
-120.661012,35.259722,9
-122.740228,37.932453,8
-122.213448,37.869341,8
-122.091472,37.446922,NA
-118.766188,34.150989,3
-120.230025,34.471447,4
-121.959806,37.439824,NA
-118.701447,34.30415,4
-117.945194,34.118807,4
-122.174347,37.806863,6
-121.184097,36.478655,4
-118.474321,34.176885,NA
-121.633797,37.588379,11
-117.994979,34.007286,4
-98.290888,32.600025,4
-117.871712,34.18577,3
-117.625046,33.8378,NA
-118.167024,34.141497,493
-81.460245,39.818238,7
-121.693631,36.627121,92
-121.692711,36.628496,NA
-116.932004,32.649248,764
-122.412513,37.716892,25
-118.229711,34.080709,15
-100.429235,31.454681,5
-119.2899,34.3426,5
-117.177457,33.115584,4
-122.494522,38.372555,4
-122.098069,38.5085,6
-122.372205,37.726513,NA
-117.516053,33.678635,250
-117.93957,33.661103,NA
-116.681311,32.731388,NA
-122.542769,38.448553,4
-118.315064,33.716761,300
-121.552105,36.385774,19
-119.10995,34.09696,NA
-117.680263,33.964416,6
-117.671797,33.935808,4
-111.717163,33.690875,3
-122.37,37.73,NA
-122.263477,37.918619,NA
-122.398187,37.448533,8
-122.626536,37.974057,NA
-122.293292,37.497624,NA
-121.697856,36.630538,NA
-117.244255,33.029797,3
-118.408275,34.127074,1
-117.960372,34.112411,4
-117.854758,33.660778,3
-117.463261,33.651944,NA
-118.351193,34.270994,NA
-120.493107,35.320867,NA
-119.934105,35.261578,3
-119.864097,35.14722,46
-119.8639,35.147014,4
-119.772238,35.093681,6
-119.857833,35.201695,4
-119.847887,35.184983,7
-119.774522,35.146228,4
-111.212284,33.811132,4
-117.042442,32.813282,64
-117.271919,33.012264,NA
-117.461138,33.652905,4
-119.144257,34.439911,35
-117.063514,32.829505,207
-117.188636,32.855194,3
-118.38174,33.743473,NA
-117.060586,32.792153,3
-118.718012,34.099475,4
-116.988564,32.786072,4
-116.940436,32.727069,4
-119.20115,34.317464,589
-117.075142,32.834936,3
-118.714905,34.101167,4
-117.085389,32.739903,4
-122.144378,38.259003,4
-122.412356,37.716922,8
-117.264752,33.005574,81
-122.39277,38.864747,3
-121.460872,37.074284,501
-122.398093,37.448558,5
-117.051925,33.167109,NA
-97.947853,30.455808,4
-121.888618,36.957489,107
-122.142227,37.627655,3
-119.774228,34.463081,NA
-122.241194,37.863898,6
-116.861531,32.846642,NA
-117.199783,33.102828,4
-118.343247,34.118003,NA
-117.255194,32.960426,NA
-117.218192,33.083594,8
-119.572167,34.051195,4
-121.676954,36.801168,NA
-97.743087,30.666767,878
-117.038192,32.644088,4
-97.729683,30.659782,NA
-120.50285,35.438882,192
-122.254306,37.272804,191
-117.705546,33.740431,NA
-117.886575,33.653114,NA
-117.780822,33.818843,13
-117.780701,33.81889,14
-112.56847,33.946752,NA
-121.800033,36.692,3
-117.746757,33.795638,3
-118.753868,34.041612,NA
-117.038139,32.639303,NA
-117.24696,33.03125,NA
-117.161183,33.320931,7
-122.091658,37.329308,3
-118.492247,32.873872,8
-121.187973,36.483476,4
-118.810086,36.135005,NA
-118.648886,34.265894,105
-118.471966,34.176785,8
-121.946918,36.514243,NA
-119.556463,34.049908,4
-118.022311,33.684626,5
-118.022361,33.68457,13
-118.829488,34.209278,4
-117.543404,33.402069,4
-97.650356,30.515369,NA
-116.666497,32.746912,4
-117.237544,32.814675,NA
-117.14107,32.773753,12
-116.934692,32.710178,4
-119.279842,34.289982,5
-112.103503,33.709539,NA
-111.830292,34.851294,NA
-111.831559,34.852774,NA
-121.937828,37.214813,4
-121.937874,37.214783,4
-122.021011,37.219849,4
-105.266945,40.222478,4
-119.795695,34.514927,NA
-118.331639,33.342678,NA
-119.279842,34.289982,5
-112.031127,33.072348,9
-121.756313,36.640071,3
-117.060847,32.846961,NA
-118.015207,34.163885,426
-121.765586,37.241706,5
-119.277375,34.475339,NA
-117.785313,33.550883,NA
-117.824403,34.048508,4
-117.450718,33.965729,20
-117.075522,32.782038,4
-121.75457,36.630647,NA
-117.120444,32.815547,4
-117.117339,32.971642,4
-117.053523,32.818326,4
-98.368523,29.58389,9
-116.461913,32.972824,NA
-122.583829,37.974495,NA
-122.583868,37.974538,NA
-116.466825,32.963282,NA
-118.317612,33.35207,885
-118.556817,34.270447,4
-121.923364,36.991204,4
-122.05611,37.286273,4
-117.80963,33.574695,7
-117.814125,33.576745,8
-112.147255,33.83857,6
-119.225164,34.290788,4
-117.086862,33.209422,17
-98.316079,29.636689,4
-117.04089,32.844582,8
-98.321987,29.639551,7
-117.896753,33.896278,4
-117.287142,33.674922,9
-99.810644,30.448658,NA
-121.70983,37.212128,4
-98.49002,31.058767,4
-117.946647,34.1142,4
-117.92955,33.985292,3
-98.68366,29.604857,753
-98.393213,29.605506,3
-117.661632,33.552089,4
-117.617997,33.717678,4
-117.199713,33.102828,4
-118.411232,33.395126,5
-117.067886,32.780412,5
-117.067997,32.780208,NA
-98.190991,29.865826,2
-98.191059,29.865784,8
-118.318222,33.31948,4
-118.333022,34.451204,NA
-97.604814,30.471174,4
-117.191733,33.257775,4
-117.098071,33.102411,71
-117.456683,33.994204,24
-117.203055,33.110603,3
-117.188431,33.258533,4
-97.611701,30.460003,4
-116.955599,33.043411,61
-116.46,32.96423,5
-117.113886,33.981651,8
-118.413975,33.754707,67
-98.861134,30.386204,NA
-98.529463,31.641325,5
-121.793835,36.652952,3
-118.0999,34.187972,4
-116.935836,33.23266,NA
-117.88478,33.630638,5
-117.88108,33.631645,5
-104.579667,32.703045,4
-117.103661,34.080221,NA
-97.6297,30.52996,6
-117.197792,33.10365,3
-97.629608,30.530095,NA
-97.729063,30.500738,4
-111.717922,33.69035,66
-117.875213,33.650495,10
-98.227226,29.741218,181
-117.272963,33.011811,4
-104.18181,32.253916,4
-119.742746,34.481669,NA
-98.126778,29.721745,15
-118.662224,34.57177,2
-117.220528,32.92665,8
-112.243408,33.617245,4
-112.336692,33.92413,4
-117.13384,32.802314,3
-97.734178,30.496295,4
-110.654388,32.228818,NA
-122.279043,37.463836,5
-117.248158,32.888062,12
-122.281137,37.467422,47
-117.19763,33.1036,4
-98.02542,30.107074,65
-117.776003,33.918455,48
-100.336971,29.861174,7
-117.73817,33.83551,NA
-117.70894,33.871788,20
-122.138634,37.858699,51
-111.811272,33.875635,5
-119.10416,34.09828,NA
-117.577698,33.826131,20
-118.582947,34.091897,5
-121.858161,36.6066,8
-121.182607,36.482358,4
-122.225727,37.874828,4
-119.10416,34.09828,NA
-111.662278,33.583088,5
-118.166547,34.144551,104
-116.909447,32.851348,4
-98.608488,29.575553,9
-97.69981,30.510151,NA
-98.18787,29.863232,33
-119.035252,34.178282,3
-117.19777,33.103692,6
-98.126765,29.722045,4
-112.017219,33.821587,49
-98.126725,29.721997,18
-117.551963,33.542345,4
-117.120732,32.722118,NA
-118.553567,32.999037,5
-117.514443,33.592335,10
-97.599945,30.455052,15
-98.367135,29.58551,7
-117.54947,33.556328,5
-117.533631,33.594825,21
-117.551949,33.541552,8
-117.562537,33.549128,5
-121.494223,35.999262,10
-117.315694,34.18904,NA
-117.140073,32.638036,28
-117.55187,33.542257,224
-117.100039,34.075085,1
-117.198533,33.103817,3
-111.988968,33.471955,22
-111.662133,33.582942,4
-118.511039,34.086956,4
-118.025269,33.977726,172
-117.845127,33.636024,4
-118.208313,34.188438,9
-117.587572,33.903162,7
-117.141442,32.737025,3
-97.705192,30.407075,8
-117.346342,34.026404,13
-121.986463,37.205295,10
-121.978448,37.197382,226
-116.461688,32.972828,NA
-97.728997,30.500753,4
-118.795655,35.139583,5
-117.11813,32.721637,9
-117.564203,33.554009,9
-119.08132,34.10132,NA
-119.695772,33.994295,100
-119.851359,34.01873,100
-119.851359,34.01873,100
-119.696913,34.028446,100
-119.835133,34.019106,100
-117.01318,32.570927,NA
-117.922462,33.968567,10
-117.02347,34.046367,723
-122.3432,39.1572,10
-118.43625,34.387622,26
-119.012311,35.038614,6
-118.553963,33.000378,5
-117.073525,32.848407,195
-118.456031,34.138911,4
-122.22432,37.87463,3
-121.705117,37.586364,4
-110.730031,32.219551,9
-117.288827,33.977297,48
-117.441182,34.194983,22
-117.155005,32.896867,4
-116.366417,32.975872,4
-103.108983,30.321269,10
-100.786742,29.346754,4
-117.203247,33.083745,3
-117.285169,33.167056,5
-117.843332,33.640516,3
-118.813408,34.099664,5
-116.628088,34.016619,6
-98.471785,29.608694,12
-106.470434,31.792271,2
-117.944625,33.899272,5
-117.155875,33.075942,3
-112.019203,33.822863,16
-117.133243,32.802202,4
-118.29067,34.12752,17
-98.148055,29.710123,5
-98.227695,29.741993,6
-121.75271,39.784963,NA
-117.764347,33.580683,56
-117.802217,33.933956,320
-116.923035,32.665486,2
-118.501191,34.363813,NA
-119.080429,34.431302,54
-121.696397,36.622428,3
-117.199447,33.102547,3
-117.057304,32.842498,5
-117.033561,33.084855,13
-121.469877,37.030557,261
-117.780205,33.630108,3
-116.665031,32.743581,15
-119.84348,34.531428,NA
-120.83328,35.358566,9
-121.757875,36.660208,18
-121.753093,36.844448,4
-116.9663,32.982967,4
-117.279687,33.074353,3
-121.211404,36.498666,4
-117.078987,32.822978,NA
-117.891822,33.647367,8
-117.222467,33.087125,4
-98.582253,29.566803,NA
-117.281692,33.168408,4
-117.284355,33.167041,5
-116.767612,32.818882,310
-117.774008,33.59753,4
-119.68837,34.46613,4
-120.635662,34.903265,86
-117.657098,33.737447,200
-118.8134,34.099739,5
-117.690353,33.689575,4
-121.695195,36.622454,3
-122.179771,37.302846,804
-117.133238,32.802263,4
-121.212142,36.499128,48
-122.183433,37.308224,NA
-111.47532,33.36447,4
-120.66185,35.292522,9
-121.211479,36.498498,6
-119.762,34.566383,16
-117.20613,33.09615,3
-97.975745,30.477109,11
-121.002327,39.312396,NA
-118.156627,34.204385,5
-117.211913,33.101394,8
-121.689003,36.622087,4
-119.602495,34.013871,10
-121.187308,36.483753,6
-117.219781,32.928456,NA
-117.05257,32.818151,NA
-117.054458,33.173242,3
-111.662108,33.582938,5
-98.39621,29.586426,88
-117.21888,33.087742,3
-117.856791,33.584088,NA
-116.952838,33.034392,98
-121.795403,38.016518,66
-117.819656,33.564128,3
-116.461747,32.972822,NA
-122.279982,37.472671,NA
-97.667053,30.826043,6
-121.686408,36.601385,3
-98.306585,29.578123,9
-98.36728,29.585675,5
-116.96122,32.97742,6
-98.57341,29.552998,NA
-117.058813,32.817681,4
-110.691024,32.197603,NA
-98.389499,29.605207,4
-103.648917,30.364281,8
-98.393566,29.605543,20
-116.755958,32.807592,4
-121.686395,36.601412,5
-122.063795,37.280914,1
-117.23185,33.0932,10
-98.330684,29.6876,NA
-110.987552,32.451068,145
-121.672553,36.597438,4
-98.356628,30.843412,4
-118.239725,34.084805,NA
-121.738708,37.380722,6
-106.333823,31.765518,4
-118.72787,34.140421,7
-97.698522,30.347538,17
-117.078583,32.823132,NA
-98.220572,29.624897,6
-117.087396,32.737078,119
-117.25654,32.964179,48
-118.501986,34.288887,NA
-121.984962,37.181706,30
-121.845116,36.622121,4
-118.532892,34.51902,5
-97.79972,30.61064,5
-121.957014,37.192821,NA
-121.740874,36.824244,4
-121.300492,36.730439,NA
-117.086337,32.737594,13
-118.759982,34.116054,486
-118.874587,34.038473,NA
-98.393541,29.605526,7
-118.575462,34.084797,4
-121.94348,37.913858,NA
-116.988572,32.785788,4
-117.128207,32.605885,9
-121.816897,37.506819,NA
-121.403747,36.750728,NA
-97.796278,30.25005,196
-98.439587,30.878831,542
-106.333982,31.76555,6
-118.966367,34.154011,5
-116.666262,32.743733,6
-118.61117,34.27477,1
-97.757358,30.418058,NA
-116.830555,32.682604,196
-117.661972,33.54838,8
-97.97097,29.85683,5
-121.369248,37.165011,830
-117.245074,32.672637,4
-121.671378,36.587453,4
-117.108549,32.630123,4
-98.815276,29.884628,7
-117.598882,33.578478,NA
-122.493005,37.970152,8
-116.830455,32.682869,98
-97.737183,32.249356,NA
-97.648563,30.51537,NA
-121.670997,36.58722,4
-117.118369,32.722308,5
-117.09903,34.044655,NA
-121.93336,37.911893,7
-117.087396,32.737078,119
-97.663348,30.541672,15
-116.972563,32.977428,4
-116.761589,32.822767,4
-122.128438,37.983992,208
-97.646515,30.51564,NA
-97.798408,30.607556,4
-121.801087,39.812261,4
-116.96508,32.977592,50
-97.623015,30.548794,194
-118.966027,34.15401,4
-98.074287,29.665232,NA
-121.002327,39.312396,NA
-116.965561,32.677264,NA
-118.579217,34.0897,3
-117.066389,32.826604,NA
-117.29908,33.50573,4
-118.42821,33.966411,295
-117.051072,32.818388,12
-118.207822,34.193769,195
-121.798678,39.810144,NA
-117.819817,34.065647,10
-118.166977,34.141434,22
-117.162135,33.641699,76
-117.051013,32.818461,4
-117.271928,34.03237,NA
-121.94352,37.914133,NA
-116.877445,32.91186,NA
-118.576999,34.087798,2
-117.076308,32.822495,4
-117.204567,33.108514,18
-119.785625,34.547672,NA
-117.299797,33.09232,5
-116.940033,32.727378,4
-117.038992,32.837647,1
-117.31357,34.188912,10
-118.163155,34.098595,41
-122.393096,37.71428,4
-118.577195,34.088122,3
-118.53267,34.518722,5
-117.064842,32.842517,3
-118.174949,34.112842,49
-116.771295,32.997812,4
-117.016026,33.015361,5
-117.078064,32.719944,5
-117.945458,34.117033,427
-117.205721,33.591737,127
-117.085472,32.739803,4
-117.085472,32.7398,4
-119.10429,34.09818,NA
-117.076303,32.822522,5
-119.1235,34.10946,NA
-117.028939,32.749825,5
-117.078392,32.719928,4
-118.875463,34.213615,10
-117.890665,34.030417,NA
-98.165907,31.324928,NA
-110.856506,32.274298,9
-98.165907,31.324928,4
-98.165907,31.324928,NA
-98.165907,31.324928,NA
-97.947875,29.639375,4
-117.301413,33.294278,6
-117.30507,33.288508,6
-117.82152,33.566242,1
-117.821517,33.566242,NA
-117.075631,32.821992,4
-117.206642,34.031124,NA
-99.4525,30.05278,NA
-98.349444,29.80472,NA
-99.143611,30.02972,NA
-117.821714,33.566231,1
-117.821517,33.566243,NA
-117.820381,33.566722,1
-116.91667,33.85833,NA
-111.705519,32.938415,7
-112.785958,33.936622,6
-120.913038,35.77007,28
-117.219047,32.927137,7
-117.060425,32.7923,4
-117.120572,32.730658,NA
-116.955611,32.731514,4
-119.510515,34.387256,164
-118.591285,34.286668,NA
-119.510255,34.387326,164
-118.96622,34.154107,5
-118.651336,34.226418,NA
-120.28093,35.40308,4
-118.212713,34.1946,4
-119.512533,34.387566,8
-117.821545,33.566238,NA
-118.98632,34.182125,4
-117.179212,32.785828,59
-117.190881,32.855453,26
-117.156161,33.127168,9
-117.278045,33.169025,543
-118.576645,34.34947,6
-118.519188,33.45937,106
-118.232788,34.080307,NA
-118.273854,34.184197,18
-118.561948,34.162177,NA
-118.827553,36.496095,4
-107.613633,32.186445,12
-121.816983,37.506856,NA
-118.44407,33.970636,24
-106.282295,32.067718,NA
-105.965487,32.939562,4
-118.04644,34.002958,NA
-118.52095,34.52755,35
-118.512598,34.086744,4
-122.291556,37.476553,5
-122.282021,37.483685,59
-121.943558,37.91405,7
-119.197012,34.293275,NA
-122.239487,37.896245,4
-122.363709,37.530666,NA
-118.71717,34.122017,4
-116.916667,33.858333,NA
-118.813704,34.101421,8
-120.13156,37.497868,NA
-118.566147,34.154725,8
-118.666341,34.574171,2
-120.84512,37.172334,4
-120.894949,37.17075,3
-122.134533,37.606906,NA
-112.694778,33.932792,4
-111.76123,34.79532,14
-116.748556,32.994606,NA
-116.548089,33.752839,NA
-117.058355,32.817856,100
-116.872156,32.729944,NA
-116.939422,32.727561,4
-121.902993,36.405574,4
-98.479766,29.611971,9
-118.905172,34.073495,4
-116.377572,33.252403,7
-117.260905,32.969099,35
-117.202093,32.965811,NA
-118.90739,34.06757,22
-98.587084,29.776792,6
-98.55454,29.604733,8
-118.488771,32.900641,NA
-97.773803,30.273887,6
-122.100114,38.500563,8
-97.728152,30.387755,521
-111.595371,33.44598,4
-117.040078,32.788033,4
-116.540332,33.041907,NA
-117.037748,32.786251,74
-117.882755,34.182537,4
-98.174144,30.430985,58
-117.784847,33.550398,4
-116.890668,32.912082,7
-117.204597,33.090022,3
-116.667113,32.744488,3
-117.177917,33.113456,4
-119.87743,34.419174,9
-121.236245,37.473967,NA
-118.311508,34.127045,4
-122.428825,38.859588,11
-117.212391,32.863443,22
-112.496383,33.586962,5
-117.037192,32.845781,4
-112.497947,33.603203,7
-118.912558,34.074103,4
-98.574257,29.621569,3
-117.789467,33.554597,4
-98.439865,29.633037,37
-117.143044,33.085792,3
-121.415276,37.16133,NA
-117.074944,32.899925,6
-117.211945,33.101608,4
-118.409667,34.123364,4
-117.195656,32.810244,6
-120.768293,36.789363,NA
-117.727564,34.143336,NA
-117.323559,34.186646,4
-116.535688,32.982653,NA
-120.655167,35.152308,4
-121.479767,37.017145,4
-117.184722,33.111453,5
-117.023628,33.016808,3
-117.078323,32.823315,4
-122.428803,38.859578,3
-97.806282,30.494295,NA
-111.595252,33.446007,4
-99.077776,30.018771,48
-117.81265,33.573499,60
-98.166605,30.46493,244
-117.035164,32.837879,901
-118.912715,34.071853,4
-117.449033,34.197799,51
-117.726836,34.137283,15
-118.409788,34.124133,4
-118.914677,34.067582,NA
-118.10105,34.18881,NA
-118.409661,34.123344,4
-122.548667,38.453036,NA
-117.19817,32.83108,10
-117.274017,33.011433,4
-122.579706,38.127339,NA
-97.718575,30.807661,NA
-118.409636,34.123383,4
-100.605539,30.856717,8
-117.887313,33.653612,5
-117.125851,32.565226,15
-117.816232,33.656827,31
-98.049561,30.660128,31
-100.332467,29.819658,31
-117.282683,33.071045,3
-117.22235,33.086892,3
-98.469168,30.790462,7
-111.595357,33.445999,3
-98.467984,29.653974,6
-117.946922,34.12022,20
-117.114691,33.077407,3
-121.742067,36.581283,4
-117.219772,33.088111,3
-117.07563,32.822045,3
-118.755164,34.079406,11
-118.471528,34.175847,4
-116.955794,32.731619,4
-122.286773,37.469026,5
-116.988525,32.786122,4
-98.59172,29.578313,NA
-117.065033,32.842469,4
-98.56446,29.557438,NA
-117.800462,33.936517,4
-121.924856,36.527386,4
-122.545692,40.645455,4
-117.118255,32.721747,4
-118.409606,34.123386,17
-117.199287,33.102939,3
-117.200797,33.094936,3
-122.285514,37.470544,5
-117.172295,33.110583,4
-121.19908,36.505128,9
-100.307299,29.799224,19
-117.757103,33.595487,4
-113.173142,37.199763,4
-117.314111,34.189061,16
-122.720772,48.600436,54
-116.940139,32.727781,4
-117.074783,32.834983,4
-117.077658,32.720488,4
-116.667122,32.7453,5
-118.919363,34.104225,4
-98.588638,29.579295,NA
-118.54895,34.336258,8
-110.717675,32.339548,395
-117.81098,34.078995,10
-121.695922,36.615772,4
-97.820023,30.557346,9
-121.674562,36.591553,4
-118.797689,36.524661,NA
-119.95919,37.498794,6
-117.045205,32.838027,9
-118.568078,34.105853,4
-116.731381,32.834928,7
-118.830247,36.491917,8
-119.310262,34.366569,117
-97.761189,30.413846,NA
-121.99453,37.927339,107
-121.189812,38.657547,4
-98.596183,29.589038,NA
-117.151803,33.078728,3
-110.79549,32.243272,65
-116.957778,33.003758,6
-122.183206,37.308269,10
-117.718283,34.117108,6
-118.984003,36.863942,9
-119.733602,34.001074,395
-118.899933,34.21753,69
-97.461218,31.753495,27
-120.691467,35.377362,11
-121.654922,37.179428,15
-117.075469,32.821962,4
-110.723293,32.182506,12
-117.618653,33.795638,10
-117.408242,33.687163,20
-121.674082,36.800052,4
-121.9436,37.914068,NA
-117.319717,33.945847,4
-120.004632,37.384782,NA
-118.272575,34.187378,4
-118.907481,34.065916,NA
-117.27877,33.173845,3
-119.015793,34.07802,601
-121.813421,37.524502,1000
-121.760988,36.644988,NA
-116.909094,32.852018,NA
-121.76915,36.652263,3
-98.591995,29.589817,NA
-117.788163,33.590184,195
-118.195533,34.089114,5
-119.036567,34.178062,4
-117.19419,32.81453,10
-122.278733,37.468433,24
-118.309536,34.096206,5
-120.700204,35.196307,6
-119.76741,37.192974,12
-117.290861,33.533061,5
-118.062278,34.172524,20
-117.231063,33.092575,3
-117.788163,33.590184,195
-118.551467,32.996047,5
-122.242478,37.503821,4
-118.171347,34.212075,11
-117.246582,33.154419,NA
-117.788163,33.590184,195
-117.788163,33.590184,195
-117.856886,33.583983,NA
-117.25344,33.562084,65
-106.350514,31.767758,3
-117.028642,32.579603,3
-117.2535,33.560722,30
-116.947667,32.722509,82
-122.280629,37.468753,75
-121.463937,36.785867,4
-117.0606,32.792162,3
-122.2546,37.908545,3
-117.29092,33.533029,4
-122.279509,37.465818,4
-117.606363,33.796117,3
-117.220222,33.082611,4
-119.94292,37.514253,NA
-116.6464,32.89625,600
-121.776071,36.654585,7
-117.028205,32.749763,4
-98.114086,29.680074,4
-98.587188,29.558183,NA
-121.799749,36.646961,4
-116.6464,32.89625,600
-116.939537,32.727562,3
-122.06698,37.282419,NA
-118.014527,33.990833,50
-118.883278,34.175031,6
-121.186034,36.460621,NA
-116.956245,33.001286,4
-116.6464,32.89625,600
-117.212355,33.102775,4
-110.654397,32.228845,5
-117.232528,32.839638,3
-117.273737,33.978112,4
-117.309662,33.933158,4
-119.299536,34.451616,NA
-117.075942,32.899953,4
-122.539319,38.45425,NA
-115.262575,36.336858,191
-118.74298,34.71866,5
-119.05637,34.44811,7
-117.102636,32.917408,NA
-118.188453,34.07397,9
-117.144377,33.543893,14
-121.877945,36.600283,5
-122.331995,37.186895,5
-121.461495,36.111497,13
-121.779669,36.456951,5
-121.779134,36.457459,9
-121.771308,36.244408,4
-100.328334,29.831064,30
-111.813172,33.875758,4
-119.957753,37.494658,NA
-119.76338,34.45878,NA
-121.92682,37.229723,5
-121.370454,37.418653,6
-120.432487,35.261313,4
-120.559672,35.529211,NA
-120.662262,35.637638,6
-117.254288,32.953603,3
-117.060744,32.79192,4
-118.167676,34.142609,15
-122.520294,38.434328,NA
-122.522968,38.434153,NA
-119.1972,34.290377,9
-118.868758,34.096486,4
-118.381423,33.743672,204
-118.863418,34.177535,5
-118.384645,33.800694,5
-122.489598,38.406535,48
-118.957049,34.146928,NA
-117.25819,32.92759,NA
-117.194595,33.094414,4
-117.096322,32.817275,182
-116.799021,32.746085,5
-117.180289,34.016741,165
-118.232288,34.084015,4
-118.540639,34.555394,NA
-102.377463,31.825747,24
-118.293153,34.146095,6
-121.949794,37.914769,26
-117.723583,34.129947,3
-121.748208,37.387703,11
-118.349407,34.300288,7
-117.194077,33.600696,24
-122.279094,37.479522,NA
-118.877096,36.540227,7
-121.86953,37.465653,NA
-122.303956,37.505233,11
-117.324203,34.186753,6
-120.661599,35.261492,NA
-97.84812,29.98824,NA
-119.87743,34.419174,NA
-119.291335,34.446051,NA
-117.250788,32.975351,7
-119.553786,34.43466,361
-117.594397,33.608825,4
-98.073148,30.617647,198
-111.443978,32.881517,NA
-111.443778,32.881336,NA
-122.175641,38.033597,9
-118.306953,34.214817,6
-118.305493,34.212406,1
-97.705211,30.406911,NA
-122.364228,38.647694,NA
-119.648693,35.069006,15
-118.320009,34.271972,2
-118.499167,34.365278,100
-117.958333,34.154722,100
-118.02621,33.68283,NA
-97.729063,30.50068,4
-98.566162,29.57329,NA
-117.202044,33.592238,5
-120.23291,34.480219,4
-120.975339,39.051388,7
-98.452086,29.340892,8
-117.655983,33.744908,8
-117.227975,33.0911,3
-117.204405,33.103336,3
-117.061103,32.792275,6
-117.193205,33.14002,5
-122.278951,37.462954,86
-117.39724,33.456777,5
-117.347108,33.599325,5
-98.57602,29.563997,NA
-117.161492,33.109528,4
-116.879261,32.621532,24
-116.664368,32.964005,31
-117.655913,33.744862,12
-121.44708,37.064045,242
-117.656167,33.745013,16
-116.955812,32.73162,4
-117.074949,32.835332,NA
-116.591872,33.039078,4
-117.223213,33.083589,4
-121.763568,36.480864,267
-98.629982,29.552135,NA
-116.884386,32.634829,65
-118.822049,34.130437,22
-117.143805,33.085603,3
-117.231903,33.0952,5
-122.285364,37.471089,NA
-118.253261,34.249306,NA
-117.211905,33.101956,13
-118.388253,34.450237,5
-117.346864,33.599521,5
-117.351403,33.604047,80
-117.559117,33.544429,8
-122.506645,37.847858,5
-117.347383,33.599291,282
-117.074875,32.83538,3
-117.246063,33.137164,3
-121.755226,36.484829,133
-122.479518,37.800008,120
-118.58474,34.59409,5
-117.042945,34.087398,14
-119.030305,34.086672,NA
-117.845866,33.904204,11
-117.06806,34.07664,9
-120.511533,35.627453,5
-122.624532,37.912635,NA
-118.828069,34.083215,110
-117.119904,34.004198,4
-121.784125,36.797878,5
-121.78402,36.798562,5
-121.181585,36.481437,NA
-121.113757,35.830868,34
-121.784042,36.798078,5
-122.720698,48.600952,7
-119.103183,34.103133,NA
-99.012642,30.202406,35
-120.65301,35.316182,8
-120.34524,34.839473,607
-119.502558,34.386083,35
-118.514815,34.058583,133
-118.208852,34.214795,5
-117.657133,33.689442,5
-122.257775,37.947492,32
-118.705065,34.101918,311
-121.504547,37.424725,6
-121.793798,37.399333,31
-118.566138,34.156517,9
-122.618133,37.905572,12
-118.42661,32.869413,6
-118.38226,32.839401,4
-122.225842,37.500211,7
-117.122616,32.777032,4
-118.757596,34.242792,4
-112.694763,33.932797,4
-117.851302,34.122722,55
-117.601643,33.469121,7
-117.212463,33.102725,3
-117.138792,32.776275,NA
-98.590447,29.585622,NA
-117.246772,33.118195,4
-117.595967,33.901414,9
-120.423278,34.678337,4
-117.139503,32.72598,4
-117.798223,33.634533,14
-122.8938,48.750975,5
-116.968379,32.982834,NA
-123.368957,39.271001,560
-117.044175,32.846183,6
-117.746544,33.988639,77
-97.809333,30.54512,4
-121.899688,37.15915,42
-121.921108,37.876738,NA
-116.999722,34.019829,197
-117.931326,33.983657,4
-117.815836,33.640553,2
-121.753468,36.637373,4
-116.842688,33.685958,3
-118.49638,34.59369,6
-120.709197,35.262488,4
-97.770444,30.5086,NA
-117.071251,33.076248,46
-117.213905,32.929005,4
-119.034853,34.17867,3
-121.789888,36.447547,106
-100.336895,29.860811,9
-117.623888,33.676388,NA
-121.182237,36.481912,9
-117.404164,33.974714,NA
-117.404168,33.974741,3
-117.404239,33.974496,2
-121.76263,36.459266,14
-121.790579,36.443069,8
-121.769589,36.461955,7
-121.758508,36.453908,6
-121.791203,36.44282,8
-121.790872,36.442192,8
-121.762111,36.452815,13
-121.75679,36.454905,9
-121.760586,36.457473,7
-121.761891,36.457278,12
-116.52761,32.974333,NA
-112.695113,33.931412,5
-117.129344,32.623348,6
-97.750929,30.726633,8
-112.146709,33.839433,51
-97.876717,30.179405,4
-111.963837,33.881213,84
-99.23311,30.740199,4
-121.714059,36.207703,3
-117.329634,33.699566,9
-121.685369,36.387722,3
-121.795119,36.479129,8
-121.835086,36.495951,24
-120.660273,35.259748,NA
-122.287421,38.840586,NA
-122.290198,38.839248,NA
-122.288461,38.841822,NA
-122.302947,38.904801,NA
-121.6773,37.324646,6
-117.597611,33.840038,4
-112.139839,33.93803,5
-122.125533,38.159292,4
-117.891312,33.649197,4
-117.852058,33.581281,8
-98.882417,30.467722,4
-117.639273,33.476355,7
-97.860118,30.301966,5
-117.883651,33.642483,4
-117.797367,33.813145,NA
-117.796383,33.812233,NA
-121.809551,36.453798,42
-121.796561,36.486811,38
-121.788296,36.48266,10
-121.791442,36.475131,10
-118.966033,34.134414,6
-119.686692,34.018511,446
-117.582347,33.431769,6
-98.227763,29.741926,128
-112.677689,33.915006,4
-98.426034,30.104018,20
-117.402162,33.530567,80
-97.466912,31.198083,8
-117.606163,33.842942,6
-99.779009,30.508849,321
-98.608545,29.519697,23
-111.477178,33.464008,NA
-113.300591,33.593343,4
-117.94252,33.8993,5
-117.88482,33.630658,10
-117.328956,33.146554,NA
-117.244956,32.672427,1
-98.53453,29.55015,6
-117.227636,33.073566,22
-98.479051,29.599842,65
-119.592346,34.456941,4
-118.5447,34.138186,5
-98.833947,29.972587,4
-99.759383,32.415992,6
-98.641483,29.569816,65
-120.97462,38.672313,41
-120.668472,35.640267,4
-122.511224,38.443962,NA
-117.328212,33.146253,NA
-118.627671,34.492623,18
-112.686514,33.925266,4
-117.707612,33.695392,NA
-116.99808,32.845395,NA
-98.637528,29.869278,4
-117.079223,32.822578,NA
-116.899001,32.882575,4
-119.636331,34.460407,9
-119.602055,34.456257,7
-117.726805,33.790578,24
-118.51732,34.30777,9
-117.726867,33.79063,48
-119.59732,34.457148,4
-98.230057,29.656214,65
-98.475642,29.596071,10
-117.022767,34.098842,6
-98.47021,29.605999,132
-98.475315,29.596396,43
-117.707937,33.697354,NA
-119.635161,34.459044,30
-119.615722,34.456119,5
-119.594445,34.457695,5
-119.593908,34.458457,5
-119.599481,34.456441,5
-119.605163,34.454564,10
-119.593,34.45734,5
-119.598679,34.456651,5
-119.621478,34.457043,3
-119.622282,34.45663,13
-119.625644,34.45765,6
-119.637558,34.460365,4
-119.631735,34.458359,9
-119.618888,34.457201,4
-119.617648,34.457315,9
-119.624026,34.458576,3
-119.627912,34.457797,7
-119.616179,34.456296,3
-119.628196,34.457383,136
-119.633546,34.458439,9
-97.899664,30.505669,5
-98.63006,29.578825,10
-119.706291,34.469943,4
-117.020268,32.855978,NA
-122.350556,38.826497,4
-117.076865,32.822353,NA
-117.044362,32.78844,NA
-117.035792,32.806473,804
-117.036744,32.788313,5
-122.510852,38.443945,NA
-105.943175,32.959013,4
-117.600395,33.83722,65
-117.645813,33.574488,5
-97.730517,30.498264,NA
-97.726754,30.501299,NA
-97.646157,30.264833,NA
-117.750753,33.885726,330
-97.366042,30.672722,NA
-110.916321,32.275156,NA
-117.307835,33.14026,NA
-98.392315,29.606406,4
-97.843529,30.20615,65
-98.124961,29.720822,8
-117.037132,32.846012,NA
-117.2286,32.86958,NA
-117.68797,33.77317,NA
-118.400121,34.267767,16
-98.481115,29.461127,8
-98.704537,30.572675,9
-97.729028,30.500758,4
-117.584541,33.66655,199
-122.508915,38.445142,8
-118.354317,33.741589,145
-118.825333,35.478733,20
-98.48117,29.461124,8
-98.481103,29.461082,3
-98.542736,29.820198,32
-103.198972,30.717285,8
-97.726513,30.501297,NA
-119.701907,34.471253,4
-98.481194,29.461108,65
-98.563782,29.569853,NA
-117.216437,33.083247,NA
-97.864272,29.857091,5
-98.660682,29.75193,65
-122.504892,38.448394,NA
-97.745056,30.373413,65
-97.745056,30.373413,65
-122.516253,38.464504,NA
-118.618863,34.489937,5
-97.290016,30.092845,24
-98.098389,30.025086,17
-116.982855,34.06435,76
-117.033592,33.084712,14
-117.668671,33.729147,10
-103.522298,29.137536,122
-119.699171,34.49585,8
-119.695221,34.469489,5
-103.608024,30.305284,15
-119.694711,34.47168,5
-119.69436,34.472002,6
-98.669693,29.540781,65
-97.720178,30.674411,NA
-119.696634,34.478136,10
-103.597603,30.296447,8
-97.646025,30.235593,NA
-119.698837,34.471937,8
-119.69995,34.472298,4
-117.353025,33.19965,NA
-119.697816,34.471082,5
-119.695069,34.471293,5
-98.59581,29.596788,NA
-97.728143,30.500018,NA
-119.694351,34.470151,3
-119.697581,34.47991,5
-119.302829,34.465803,6
-119.301649,34.465797,3
-119.28602,34.51493,5
-119.309601,34.465061,3
-119.696169,34.478931,22
-119.695304,34.471672,7
-106.909912,34.06103,100
-98.73703,29.78438,9
-119.693808,34.471584,5
-103.199001,30.717675,8
-119.69736,34.482297,10
-121.34994,37.42881,NA
-121.660625,37.340475,NA
-119.696972,34.468894,4
-98.766785,30.222834,65
-119.694786,34.469714,3
-119.695379,34.471584,8
-119.695867,34.469056,4
-119.695037,34.471148,6
-119.694967,34.472208,6
-117.113792,33.076642,NA
-119.694638,34.471807,5
-119.69768,34.468862,5
-122.508668,38.456479,47
-119.284076,34.514733,5
-119.30208,34.466217,8
-119.694529,34.47049,5
-119.295679,34.459004,5
-119.298856,34.461881,3
-98.49173,29.876722,4
-99.428499,29.795562,9
-119.305915,34.524109,65
-119.299114,34.461305,5
-119.292372,34.517016,10
-119.295491,34.520087,5
-119.704674,34.470842,8
-102.66973,30.88074,15
-119.694771,34.471876,3
-119.694224,34.469933,5
-119.697147,34.470813,5
-98.111694,29.677967,4
-100.325243,29.870717,6
-119.694577,34.470854,4
-103.662152,30.994682,14
-119.695012,34.472492,4
-119.697736,34.47015,7
-119.301305,34.463892,3
-98.668449,29.541067,65
-119.290258,34.458765,50
-119.292153,34.459118,5
-119.307445,34.465687,6
-119.30045,34.46286,5
-119.295632,34.460286,4
-117.708162,33.69535,5
-100.10533,29.436313,4
-117.021881,32.67385,NA
-98.481437,29.461857,13
-98.97358,29.19703,4
-119.64934,34.461384,6
-119.285736,34.515028,5
-117.245575,33.031661,4
-117.123414,32.796937,13
-98.393954,29.604441,9
-119.65049,34.460544,50
-102.091522,30.870578,NA
-110.654305,32.22885,5
-119.28712,34.515479,5
-117.082569,32.787964,4
-98.818641,29.884398,9
-98.110253,29.67717,4
-97.471053,31.067833,12
-119.645891,34.460769,3
-98.47853,29.870828,12
-102.548437,30.860323,15
-100.907472,29.510837,150
-122.501351,38.456088,NA
-119.643393,34.461117,5
-98.823445,30.492861,82
-97.981117,29.84503,5
-97.468558,31.087911,12
-98.481139,29.461425,4
-98.482246,29.462111,21
-98.352106,29.689239,NA
-98.481129,29.461038,65
-117.75258,33.796344,194
-103.19923,30.71744,31
-117.29242,34.029797,4
-119.623975,34.458201,5
-119.698678,34.47118,4
-97.699356,31.888736,NA
-122.500621,38.452808,NA
-98.120008,30.553719,65
-119.697883,34.46855,5
-119.697359,34.479407,3
-122.999978,38.298558,5
-102.580251,30.959208,7
-119.738314,34.552858,10
-117.597113,33.839897,26
-119.694904,34.481166,65
-119.645674,34.460741,5
-119.699646,34.471363,13
-117.133752,32.988106,8
-98.571916,29.490823,7
-111.660181,33.545657,NA
-119.622125,34.456614,5
-97.728336,31.409007,4
-98.369784,30.523146,65
-98.48148,29.461709,56
-121.784198,37.847007,817
-119.221189,34.514357,8
-118.206042,34.085123,79
-119.222978,34.528745,8
-122.513428,38.443567,5
-117.077506,32.822964,NA
-117.036363,32.846828,NA
-116.922472,32.63334,NA
-116.930907,32.626825,NA
-117.228392,33.062321,22
-116.980775,32.847888,NA
-117.079308,33.050129,136
-117.022197,32.674217,NA
-117.038952,32.784065,NA
-116.969792,32.929792,NA
-120.83009,35.53595,NA
-111.806026,33.7928,NA
-111.932166,33.439106,6
-118.16392,34.09859,NA
-121.812856,37.528528,NA
-119.958614,37.494417,8
-121.769508,37.865362,6
-117.291993,33.974881,529
-117.109686,33.0858,NA
-119.623993,34.45821,NA
-120.639075,35.136883,5
-117.82,33.799999,90
-117.755003,33.824217,4
-118.934456,34.046947,105
-118.269444,33.73361,7
-117.344178,33.59945,110
-119.184472,34.965905,69
-97.789942,30.41803,245
-112.085303,33.918506,65
-117.781944,33.654864,65
-117.098821,34.041798,NA
-112.862427,33.481165,5
-116.89983,33.98076,5
-117.00744,34.10153,5
-117.68008,33.75958,NA
-117.082615,32.825913,NA
-118.06091,33.711101,4
-117.938169,33.663398,194
-99.023098,29.988709,NA
-116.996249,32.759881,16
-118.307349,34.113319,65
-116.854591,32.831393,15
-117.593588,33.631772,NA
-97.591498,30.534325,357
-116.668013,32.746975,4
-117.052314,33.170263,5
-98.077233,29.6526,NA
-98.615967,29.507607,NA
-98.055639,30.009352,12
-117.100108,33.100146,110
-117.834153,33.927095,6
-117.812829,33.874487,31
-97.729034,30.500684,15
-98.445702,29.692167,8
-116.799057,32.745941,5
-117.065086,33.959259,75
-117.324775,34.186838,63
-119.64509,34.46119,NA
-117.023125,33.017075,12
-117.740622,33.795313,4
-98.571571,29.259983,4
-117.795197,33.834789,4
-98.226857,29.74131,12
-117.59334,33.63348,NA
-116.65428,32.744717,NA
-117.24633,32.869647,12
-117.290917,34.040447,35
-97.849337,30.540171,244
-98.734433,29.785286,9
-98.123931,30.363928,NA
-117.279717,33.166517,5
-98.456634,29.56061,223
-117.217628,33.086678,4
-117.94416,33.66159,NA
-98.235094,29.546091,4
-117.205975,34.032125,NA
-117.253312,32.95175,NA
-116.65815,32.745403,NA
-116.928261,32.608222,NA
-98.208782,29.912198,180
-98.159269,29.658913,NA
-97.665458,30.651962,5
-117.078873,32.822937,NA
-97.785206,31.784314,NA
-117.15988,33.077267,4
-117.140625,32.737992,5
-116.817619,32.702721,NA
-116.752515,32.817435,46
-117.212053,33.100722,4
-121.8366,36.625688,89
-119.699098,34.476118,3
-117.20208,33.110858,9
-119.702739,34.474294,9
-116.981553,32.951023,4
-117.937517,34.155025,4
-118.011655,34.159086,104
-118.911182,34.065872,22
-121.759477,37.867782,12
-119.699532,34.476035,3
-117.707582,33.927624,14
-121.761047,37.867808,5
-121.772195,36.249572,3
-119.704844,34.472192,5
-122.562231,38.019898,5
-119.702461,34.473929,3
-117.688827,33.735743,NA
-98.351651,29.687617,7
-117.13046,32.79999,8
-119.699617,34.477767,5
-119.711533,34.465511,5
-121.932864,37.912618,128
-119.706612,34.470621,100
-98.289063,29.870536,5
-119.701948,34.473171,3
-118.667213,34.207505,5
-98.726315,29.52653,188
-97.727403,30.500362,NA
-119.702408,34.472643,9
-117.282037,33.075017,3
-97.773675,30.273203,4
-116.806122,32.754414,5
-119.706243,34.470767,6
-117.643937,33.674542,5
-106.458528,31.833862,4
-119.71371,34.472015,7
-119.706704,34.473268,65
-119.699288,34.476081,8
-119.711681,34.473125,6
-119.708609,34.472734,3
-117.731365,33.858967,233
-98.267226,30.333926,NA
-119.702988,34.472396,4
-119.699086,34.476186,9
-117.626962,33.752822,5
-117.805044,33.6219,61
-100.320658,29.850412,6
-117.265815,33.953075,421
-117.565493,33.555602,588
-119.699897,34.477831,9
-117.153542,33.098306,3
-122.508653,38.44548,4
-117.13793,34.08928,NA
-119.705962,34.474476,4
-117.004006,33.0186,NA
-117.94711,33.899362,5
-119.712727,34.47205,7
-119.707208,34.471387,3
-119.705316,34.474408,30
-119.71157,34.472495,7
-117.58318,33.748548,116
-117.191055,33.091508,3
-119.708446,34.472955,3
-119.707534,34.468433,8
-117.87768,34.028205,5
-116.967408,32.979417,4
-119.71422,34.4722,3
-101.974335,31.690044,84
-118.409662,34.123403,30
-98.034213,30.058516,5
-117.136218,32.975171,NA
-117.7016,33.757623,8
-117.704899,33.544754,123
-118.055177,33.708835,122
-118.062059,34.172981,22
-97.700508,30.289858,5
-112.186928,33.575548,NA
-116.705472,32.716348,668
-98.107742,28.973369,116
-117.814474,34.009267,219
-122.51629,38.437189,194
-98.695755,29.556702,65
-117.165283,33.570298,5
-118.386143,34.264088,4
-116.999122,32.933512,4
-120.827105,36.534178,NA
-118.059082,33.711399,65
-98.484858,29.874031,NA
-98.351759,29.687515,5
-101.545905,31.188482,3
-100.276448,29.970319,8
-116.997419,33.179876,5
-117.204114,33.1139,4
-117.212547,33.102542,4
-97.70755,30.405937,6
-117.320503,34.186375,7
-120.383263,35.244131,NA
-117.036194,32.805497,5
-117.241587,33.099889,4
-98.343413,30.862153,4
-98.635857,29.57122,NA
-117.819415,33.654561,61
-117.133253,33.456386,NA
-117.5,33.400002,90
-118.470931,34.173185,79
-117.888808,33.652202,7
-100.190217,30.056083,9
-98.929982,30.227166,2
-119.632467,34.459134,5
-118.0464,33.69562,196
-117.585634,33.78747,7
-122.426852,38.859491,NA
-116.666992,32.744858,5
-117.614917,33.796819,7
-117.015189,32.644675,4
-119.634782,34.4583,5
-117.563408,33.586647,NA
-117.707882,33.697442,NA
-117.601997,33.655238,5
-106.087028,32.837233,4
-118.698547,34.095458,3
-119.633136,34.458823,5
-117.601261,33.572755,15
-106.087342,32.837233,4
-116.668669,32.746753,NA
-119.636022,34.455598,5
-121.659018,37.340413,NA
-117.117127,33.050302,NA
-97.741355,30.721133,3
-117.20375,33.089936,3
-117.206262,33.113525,4
-117.116554,33.535023,4
-120.004327,37.384518,NA
-117.015189,32.64467,4
-116.666014,32.747287,NA
-117.203619,33.11472,13
-116.668669,32.746753,NA
-117.5857,33.78744,NA
-119.059586,34.461324,8
-119.058816,34.462881,8
-98.368132,30.743112,12
-116.663525,32.743019,NA
-122.425658,38.859917,5
-118.96048,34.147861,4
-118.195678,34.163461,6
-117.04583,33.172542,3
-119.056134,34.449117,5
-119.055382,34.465789,5
-119.056603,34.447869,9
-122.303012,38.904305,NA
-119.05956,34.460917,4
-119.055397,34.453592,4
-119.059139,34.462473,8
-119.071444,34.443787,4
-119.059372,34.446096,9
-98.455951,29.630723,86
-117.596067,33.793346,3
-119.05953,34.459227,7
-119.057569,34.463352,4
-119.058364,34.463285,7
-119.922225,34.452192,5
-117.174177,33.878065,22
-97.581755,31.240305,24
-119.059579,34.461961,3
-119.056798,34.462843,8
-116.997953,32.653406,8
-116.970642,33.46225,5
-117.044017,32.845329,NA
-119.05935,34.458126,3
-119.062636,34.445423,3
-119.05744,34.464565,70
-117.275806,33.68961,61
-100.963753,29.35118,19
-117.217262,33.085808,3
-122.025505,37.215197,4
-118.303129,34.14202,NA
-97.690178,30.398845,8
-102.322892,31.891631,19
-96.924002,32.905063,4
-98.078657,29.923621,16
-118.114124,34.203324,NA
-116.662075,32.739114,NA
-119.435451,34.491048,3
-120.472081,35.665647,NA
-120.5421,35.483028,NA
-120.265269,35.712144,NA
-117.884151,33.6529,NA
-121.92301,37.870135,50
-122.3508,38.835836,NA
-122.478272,38.344745,5
-122.425522,38.860053,NA
-117.951928,33.906362,38
-118.28765,34.128558,5
-118.01327,34.100624,223
-118.41419,34.108136,270
-120.85164,35.52903,NA
-122.359406,37.159039,5
-102.946739,29.571329,65
-97.734517,30.393347,NA
-120.549872,35.636158,NA
-117.295128,33.973438,10
-121.185124,36.484221,28
-97.776331,31.106574,9
-117.07502,33.177379,71
-117.062625,34.042376,65
-106.447282,31.837151,10
-97.806722,30.713892,NA
-106.447282,31.837151,10
-106.447282,31.837151,10
-106.447282,31.837151,10
-119.638573,34.478516,NA
-119.64402,34.46109,NA
-119.638573,34.478516,NA
-119.638527,34.480225,NA
-119.644119,34.462547,NA
-122.543088,37.938062,5
-117.094578,34.041709,NA
-117.90501,34.154433,100
-118.439912,32.87115,5
-98.369897,29.586657,7
-120.549794,35.636114,NA
-120.552742,35.456134,243
-118.334167,33.768333,NA
-119.95713,37.494588,6
-119.957892,37.494494,7
-118.766978,34.197103,NA
-118.183521,34.16955,NA
-121.72412,39.790863,NA
-118.729212,34.077489,4
-119.48664,37.138587,207
-119.696222,34.537653,10
-105.955863,32.969855,4
-120.983197,38.684339,7
-118.466705,34.176433,82
-118.474103,34.169157,29
-121.924335,37.871128,NA
-106.095017,32.860712,NA
-122.46548,37.576783,7
-116.987145,32.723572,NA
-117.106658,32.543583,6
-122.365696,37.531107,NA
-122.090575,37.54565,4
-118.998725,34.108222,8
-118.592309,34.132446,2
-97.757865,30.445957,100
-118.368717,34.125192,2
-98.146239,30.521683,12
-118.56665,34.15224,4
-97.750045,30.333033,165
-118.530121,34.238486,977
-119.579583,34.474218,9
-117.579904,33.785883,3
-117.184647,33.111389,3
-119.593978,34.476894,6
-119.577322,34.47238,7
-119.583359,34.475707,9
-117.658107,33.68993,NA
-117.57862,33.777753,8
-119.574899,34.509326,9
-119.571806,34.508397,7
-97.955917,29.863278,5
-119.574655,34.508272,7
-119.591157,34.477079,6
-116.84087,32.599866,15
-122.225604,37.874427,2
-119.570184,34.469716,6
-119.569916,34.518631,8
-119.56684,34.525853,8
-117.157425,33.108364,11
-119.567547,34.524155,8
-122.495725,38.444539,NA
-119.570483,34.5089,8
-119.56544,34.528095,7
-97.650203,30.216461,19
-116.82547,32.67443,5
-120.698808,35.225056,20
-97.876116,30.18285,8
-117.977936,33.893238,236
-117.211097,33.080805,3
-120.210237,34.616975,10
-119.57375,34.50793,9
-119.571545,34.517095,4
-117.840541,33.574136,203
-121.852106,37.123386,9
-119.588082,34.475577,6
-119.570961,34.510401,9
-119.568689,34.521206,7
-119.580118,34.470143,4
-119.563545,34.533875,9
-122.469177,37.86961,76
-119.5674,34.470114,5
-100.648194,30.580597,NA
-117.280477,33.169091,NA
-118.283661,34.148484,10
-119.577959,34.473704,5
-119.56219,34.485902,9
-119.575837,34.509147,9
-119.568079,34.522999,7
-119.580545,34.468008,3
-119.572229,34.507504,7
-116.720947,33.349673,5
-99.838936,30.807392,NA
-117.75258,33.796344,194
-117.308844,33.14586,255
-119.586118,34.47514,8
-119.362905,34.518813,9
-119.356757,34.554531,16
-119.354007,34.522445,5
-119.355868,34.548338,8
-119.355871,34.551171,3
-119.356201,34.54941,4
-119.353981,34.531119,3
-99.080008,32.021183,NA
-119.355988,34.543673,5
-119.353843,34.532127,8
-119.369982,34.517381,9
-118.932608,34.104336,9
-119.352951,34.534082,9
-119.350621,34.528109,9
-119.384008,34.509543,3
-119.381892,34.511794,4
-119.353256,34.532801,6
-119.352967,34.522498,9
-119.357901,34.563348,9
-119.37082,34.517051,4
-119.351621,34.5241,9
-103.30074,29.270638,NA
-117.171478,33.063928,3
-119.35487,34.541215,4
-119.380924,34.514698,6
-119.378851,34.517871,3
-119.364118,34.518033,3
-119.356407,34.544517,9
-121.777762,37.133381,NA
-119.356515,34.550525,8
-119.360739,34.519668,6
-119.35666,34.554434,9
-119.355038,34.540037,9
-119.358499,34.520076,8
-118.384461,34.002489,5
-119.352886,34.533897,7
-119.35633,34.553007,3
-119.381594,34.513234,7
-119.351744,34.525076,5
-98.626323,31.271391,15
-119.95371,37.493287,9
-119.381242,34.514463,8
-116.938016,33.589101,NA
-119.372966,34.516315,4
-121.376831,36.083411,NA
-119.351142,34.52914,6
-119.368009,34.517617,3
-117.349943,33.960904,15
-119.355228,34.540374,9
-119.352451,34.530023,9
-119.350891,34.528696,8
-119.366922,34.517837,6
-98.630165,29.552392,NA
-119.357666,34.555779,8
-119.370822,34.517036,3
-119.351882,34.527283,4
-101.353559,29.70602,19
-119.352012,34.52578,9
-119.351055,34.528693,9
-119.356634,34.547053,4
-119.365863,34.5178,7
-119.355895,34.545209,9
-119.954668,37.48726,6
-98.614243,31.277981,15
-119.928801,37.498086,9
-99.78305,30.47155,NA
-119.505172,34.44117,5
-117.231588,33.093661,3
-119.531162,34.467939,8
-98.613127,31.279575,3
-119.507867,34.424337,5
-119.508472,34.423979,5
-117.204505,33.108964,13
-119.271677,34.474877,4
-119.471056,34.473783,9
-119.572077,34.47371,7
-119.556702,34.468605,65
-118.709142,34.101906,6
-119.575533,34.474596,4
-119.573666,34.473954,5
-118.930923,34.10234,22
-117.140061,33.083611,4
-119.549717,34.465074,4
-119.530834,34.469167,6
-119.557117,34.464453,8
-119.506927,34.425656,5
-119.575082,34.475942,4
-98.12788,30.034321,16
-119.574191,34.476205,5
-98.59677,31.281761,15
-117.726527,33.546501,101
-119.503013,34.428322,5
-119.573913,34.476999,4
-98.634658,29.48642,NA
-117.145897,33.079895,13
-97.723998,30.665348,8
-119.707297,34.46851,3
-120.371319,35.464575,NA
-118.432759,34.106396,8
-120.648706,35.373233,NA
-122.35276,37.44824,NA
-119.510138,34.386872,8
-122.493134,38.45058,NA
-120.456697,35.087492,NA
-117.651823,33.69753,5
-117.177222,33.120936,3
-112.678613,33.914153,4
-120.51547,34.595973,4
-120.512256,34.572674,5
-121.674163,36.580368,3
-121.216667,36.501609,NA
-99.492731,30.912939,NA
-99.774853,30.766828,NA
-121.764617,36.49947,261
-122.720031,48.600681,5
-117.205033,33.110222,9
-119.355899,34.543057,9
-119.351513,34.523081,7
-122.719758,48.600617,4
-121.326508,35.780239,NA
-121.71465,36.200711,NA
-121.752205,36.509632,11
-120.535422,35.62955,NA
-118.165282,34.204611,6
-120.331711,35.460017,NA
-119.553637,34.467191,4
-102.12209,31.964674,NA
-120.994416,35.476255,NA
-120.912653,35.577722,NA
-121.787936,36.638311,4
-117.40193,33.60543,4
-118.660642,34.57091,2
-119.035719,34.084801,4
-122.71155,48.56003,NA
-117.092688,32.948025,NA
-99.473178,30.062567,19
-120.818508,35.334277,4
-98.366982,29.582645,3
-117.676138,33.705908,NA
-117.649352,33.694758,NA
-121.144433,36.528553,NA
-117.140892,32.83803,5
-120.733169,35.265214,NA
-120.887981,35.256472,NA
-120.743012,35.423808,3
-120.239304,34.469654,3
-117.047478,34.029233,65
-118.867414,34.323521,12
-109.122527,31.913961,19
-117.122093,34.012577,180
-98.564148,29.570698,NA
-118.350474,33.328031,61
-118.38327,34.123718,5
-118.505953,33.426815,15
-118.165827,34.204474,32
-121.874644,37.471251,NA
-122.239951,38.574572,NA
-99.688392,32.4731,NA
-116.565797,32.897755,4
-122.444977,38.854925,227
-116.741728,32.857664,NA
-116.628058,34.016564,8
-122.321518,38.61966,NA
-117.197625,33.103686,3
-120.207297,34.938972,5
-116.667114,32.745279,9
-116.462767,32.97165,NA
-119.583019,34.453133,3
-119.58306,34.453111,5
-118.527941,34.280534,4
-122.281813,38.643222,NA
-106.432716,31.931625,65
-118.395278,34.133414,4
-110.722666,32.145933,5
-122.099716,38.501534,6
-116.541537,33.04195,NA
-117.197792,33.10362,3
-117.51582,33.974458,209
-118.191022,34.101889,35
-112.683992,33.922717,5
-117.197778,33.103622,3
-106.036621,31.919288,15
-121.491127,36.026505,NA
-117.182291,34.017146,1
-118.29103,34.133789,4
-98.310037,29.546725,4
-106.458358,31.833905,4
-117.880172,33.631425,5
-121.68783,36.600135,122
-117.197937,33.103561,10
-110.654412,32.228803,5
-98.104661,29.983188,10
-98.557067,31.154367,32
-112.694732,33.932694,6
-110.745705,32.211995,5
-97.729003,30.500642,4
-111.041974,32.298952,5
-117.766415,34.010381,NA
-118.167405,34.143311,10
-118.636917,34.265247,5
-98.5839,29.543291,NA
-102.122741,31.965683,15
-121.551172,36.386387,12
-118.448736,33.960307,28
-98.475058,29.595646,34
-98.475436,29.596262,35
-98.465622,29.638123,25
-102.115983,31.963255,12
-98.442561,29.593676,18
-102.123603,31.966538,6
-102.118767,31.962062,24
-118.050835,34.003613,NA
-97.775961,30.175001,NA
-117.07428,34.130081,64
-116.545383,33.135701,NA
-117.348789,34.210951,NA
-118.684444,34.223611,NA
-98.610582,29.882455,9
-118.405792,32.8548,5
-117.315427,33.131807,NA
-102.123462,31.966421,34
-117.888405,33.622926,4
-98.473665,29.597482,12
-98.649054,29.436849,23
-98.472434,29.597037,46
-98.501514,29.557957,66
-98.536475,29.58006,9
-98.532222,29.551686,10
-98.366423,29.582778,15
-119.282297,34.4765,17
-117.378334,33.931389,NA
-117.545833,33.563889,NA
-98.631711,29.867105,22
-117.317305,33.119189,24
-98.63784,29.869313,5
-117.230543,32.883234,101
-101.366293,29.702086,4
-97.468995,31.08677,6
-97.628508,30.515831,65
-117.795101,33.793936,15
-117.220348,33.086601,NA
-117.036807,32.804704,16
-99.156552,30.050325,NA
-122.040002,38.710577,4
-97.657883,30.694452,4
-119.681105,34.478705,NA
-117.03806,32.806585,NA
-118.689808,34.04228,8
-118.226288,33.767692,16
-117.793692,33.795268,NA
-98.7028,29.540851,59
-98.471555,29.608831,30
-98.392355,29.606527,73
-98.367446,29.585417,12
-98.749663,29.915367,11
-98.184422,29.943443,6
-98.631195,29.861567,5
-102.121132,31.963262,16
-97.732546,30.396001,263
-117.221945,33.086436,NA
-117.54585,33.56434,6
-117.197272,32.824269,472
-117.616958,33.843388,313
-118.776679,34.675147,4
-117.179063,32.844032,10
-119.648624,34.463098,5
-118.449712,34.132135,NA
-119.60385,34.467661,5
-117.285195,33.166303,24
-117.304381,33.169853,2
-119.602855,34.469844,10
-97.893222,30.337633,NA
-119.242878,34.46585,5
-119.243845,34.467531,5
-119.239167,34.468919,5
-119.245662,34.467613,5
-119.241363,34.470259,5
-119.292965,34.449085,5
-97.892029,30.338398,226
-119.246549,34.4702,5
-119.244159,34.467889,5
-119.289244,34.478884,5
-119.291599,34.456604,5
-119.291775,34.457264,5
-119.241936,34.467419,10
-119.291492,34.453549,5
-119.596665,34.475033,5
-119.577582,34.480996,5
-119.581045,34.481264,5
-119.576331,34.480722,5
-98.036055,29.598058,6
-119.573627,34.479827,5
-119.240675,34.468073,5
-119.238511,34.469271,5
-119.289116,34.47846,5
-119.282489,34.4765,5
-119.245752,34.469573,10
-119.293533,34.446717,5
-119.240021,34.468535,5
-119.292651,34.45168,10
-97.882653,30.23323,4
-119.291198,34.45552,5
-119.240366,34.465141,5
-119.242461,34.465736,5
-119.243296,34.465803,5
-117.199662,33.102736,12
-97.756814,30.423669,50
-116.366891,32.975729,5
-117.169417,32.799322,NA
-119.291747,34.45766,5
-97.720183,30.354847,10
-97.667703,30.516469,9
-117.221588,32.927403,12
-99.76776,32.426907,53
-117.212263,33.080792,12
-97.667649,30.516481,5
-119.285448,34.477656,5
-117.279625,33.074356,6
-119.271672,34.518118,10
-117.000632,32.875317,NA
-97.857764,30.215017,NA
-117.1921,32.80541,15
-117.21235,33.085456,48
-119.350554,34.502428,10
-120.68547,35.880712,5
-98.25381,29.806713,6
-119.273212,34.513495,5
-111.568283,32.733464,NA
-119.271168,34.515002,5
-117.082387,32.825828,15
-119.270111,34.520257,5
-119.321362,34.492856,5
-98.351466,29.687624,NA
-119.29079,34.458882,5
-119.281898,34.475972,5
-119.382838,34.507321,5
-98.203675,30.568345,5
-117.20478,33.1088,24
-119.272149,34.517989,10
-117.082215,32.8256,NA
-119.381491,34.507378,10
-119.322099,34.492959,5
-119.268853,34.520772,10
-119.271876,34.514165,10
-117.124692,32.568048,15
-98.227381,29.741341,24
-98.63012,29.860687,5
-97.746075,30.5425,132
-117.078423,32.822877,NA
-119.627541,34.457603,5
-106.421972,31.926377,3
-119.628856,34.457594,5
-119.633166,34.458959,10
-117.18076,32.78541,8
-98.281639,29.825586,3
-98.314685,29.961548,3
-117.862569,33.773015,NA
-117.078225,32.823223,NA
-98.694944,29.801962,5
-119.634345,34.45838,5
-117.436853,33.719058,12
-119.627805,34.457735,16
-117.205744,33.112567,15
-117.218697,33.087964,6
-117.83763,33.909888,5
-117.1843,32.79897,8
-117.797601,33.830812,977
-119.623975,34.458214,5
-119.49087,34.487292,10
-119.319281,34.493257,5
-119.625986,34.457513,10
-119.506564,34.488591,30
-117.505713,34.163356,4
-117.074394,32.795283,10
-98.735411,29.516993,10
-119.326134,34.492838,5
-117.265022,33.953883,8
-97.900004,30.505605,5
-116.79995,33.022417,NA
-117.099194,34.044015,NA
-117.837372,33.90875,5
-117.837112,33.910238,10
-117.837937,33.909942,10
-117.882319,33.645828,NA
-98.991935,30.077136,NA
-117.786319,33.773489,NA
-102.257922,32.695826,12
-97.559053,30.497837,4
-98.489319,29.608344,46
-98.262925,29.701875,6
-111.96087,33.895638,6
-117.208687,33.098439,24
-117.753412,33.837084,227
-98.333623,30.028011,NA
-102.100978,32.045981,NA
-117.079907,32.824483,NA
-117.395885,33.240046,4
-117.747337,33.791517,6
-118.18521,34.14325,5
-119.551365,34.486599,10
-116.932953,32.62487,NA
-117.78437,33.905808,5
-117.269108,33.055986,NA
-117.246738,32.696674,31
-119.322616,34.493306,10
-117.771484,33.82127,16
-117.204453,33.109,6
-117.250579,32.713073,2
-119.631815,34.458067,4
-117.199303,33.102611,6
-119.508449,34.491489,5
-119.345959,34.50251,5
-117.27063,33.05955,65
-119.505482,34.487731,5
-119.551777,34.494542,5
-119.484659,34.487578,10
-119.374655,34.505162,5
-119.56819,34.522709,5
-119.516061,34.489509,5
-117.579225,33.482087,5
-119.467136,34.492629,5
-119.626392,34.451388,5
-119.500077,34.486353,5
-119.635873,34.456246,5
-119.386414,34.508448,5
-119.510794,34.487267,5
-119.637186,34.453663,5
-119.470499,34.492676,100
-119.555573,34.495364,5
-119.511577,34.488733,5
-119.479519,34.489038,10
-119.389478,34.506829,5
-119.388384,34.504391,10
-119.559502,34.486705,5
-119.532863,34.488401,5
-117.18087,32.78415,8
-119.559114,34.498423,5
-119.390211,34.508536,5
-119.52453,34.487567,5
-119.449237,34.490864,5
-119.477847,34.490228,5
-119.498583,34.486394,5
-98.343824,29.681883,50
-117.064994,32.816514,NA
-119.244635,34.467948,5
-119.543162,34.48864,5
-119.460603,34.491876,5
-119.398578,34.498896,5
-119.513222,34.489678,5
-119.400055,34.500073,10
-117.21888,33.08337,8
-96.847752,33.049034,38
-116.984438,32.844535,NA
-117.0765,32.556743,NA
-118.191572,34.145278,99
-117.472775,33.881459,61
-117.226008,33.682494,5
-119.243856,34.467728,5
-118.321003,33.732353,5
-117.14623,32.933211,5
-116.996278,32.760034,16
-117.000777,32.759571,16
-98.392892,29.606839,20
-98.393227,29.605406,11
-98.555069,29.609997,18
-98.596769,29.60504,5
-98.475533,29.595893,35
-98.472003,29.598134,22
-102.12196,31.961705,6
-97.466745,31.19813,8
-98.189745,30.325887,5
-106.47033,31.8945,4
-98.134062,29.783086,6
-106.451685,31.854862,65
-102.121628,31.962109,32
-117.032663,34.104293,208
-96.845446,33.049034,20
-113.4873,37.15,NA
-116.947005,32.720382,4
-117.262812,33.075906,NA
-117.260815,33.06983,NA
-106.272592,31.77697,NA
-98.540482,29.597838,312
-106.488603,31.882337,6
-106.276909,31.800808,5
-96.845573,33.049498,4
-119.666054,34.46722,NA
-119.291641,34.45676,NA
-110.660511,32.226808,22
-121.100555,36.506825,100
-116.790192,32.786155,6
-118.756997,34.634292,5
-97.790491,30.421376,24
-117.2479,32.866783,NA
-106.183369,34.714128,NA
-118.185072,34.143411,5
-117.125274,32.563359,5
-119.289801,34.516824,5
-119.295557,34.520435,10
-119.292317,34.517069,5
-119.291897,34.517283,5
-119.297256,34.45067,5
-117.056883,32.749645,38
-119.286309,34.516006,5
-119.299799,34.452002,5
-116.758658,32.715497,5
-117.24665,33.034186,24
-117.03981,32.8559,196
-119.294612,34.457854,5
-119.305389,34.523348,50
-117.794743,33.798389,580
-119.285765,34.51511,5
-119.288274,34.516224,5
-119.29187,34.459286,5
-117.232313,33.093239,8
-119.318469,34.455701,5
-117.391393,33.247304,5
-119.28407,34.514744,5
-117.205612,33.112492,6
-119.318015,34.45757,5
-122.277359,37.46746,7
-110.788567,32.247628,NA
-97.470756,31.110275,16
-117.556428,33.539967,NA
-116.821594,33.015233,4
-118.899383,34.498725,500
-119.292005,34.516844,5
-117.180655,33.084125,65
-109.805562,32.291267,11
-117.142164,32.637293,5
-119.223738,34.473903,NA
-117.8888,33.652231,27
-97.897705,30.244126,16
-116.465207,32.976228,NA
-119.253211,34.472371,5
-119.224112,34.472922,5
-98.982724,30.08213,NA
-98.975837,30.085359,NA
-99.134927,30.026833,NA
-117.246445,33.010075,12
-98.094869,30.844401,5
-119.170898,34.502842,5
-119.256371,34.471094,5
-98.053076,30.210149,5
-116.799227,32.746361,10
-119.253892,34.473587,NA
-119.23707,34.456058,NA
-117.788754,33.596265,5
-119.131909,34.475313,5
-99.830887,31.785296,104
-102.323741,31.892705,NA
-117.177125,33.166942,16
-118.837992,34.207704,5
-118.17727,33.8063,8
-99.760819,30.486281,23
-99.390809,29.999709,22
-98.821717,30.494622,5
-119.842453,34.500385,5
-98.006517,30.301953,12
-110.600352,32.148163,31
-117.2788,33.173845,12
-116.766283,33.0026,NA
-119.218825,34.477088,NA
-118.048539,33.706612,NA
-98.343483,30.862013,16
-98.546248,29.813327,24
-117.209892,33.080733,48
-116.84365,33.1557,NA
-99.272076,30.072002,NA
-117.244658,33.118367,12
-117.183734,32.841583,4
-119.142033,34.485544,5
-98.962947,30.088117,NA
-117.81734,33.656423,31
-117.132423,32.980164,NA
-97.863895,30.215474,31
-117.178903,32.868992,926
-119.259025,34.471828,NA
-116.54526,33.135615,NA
-97.800042,30.610661,6
-119.235987,34.456497,NA
-98.992241,30.076992,NA
-98.983118,30.085005,NA
-97.864439,30.512532,51
-116.775836,33.003143,195
-97.779945,30.361078,6
-117.21328,33.117353,736
-98.991978,30.077161,NA
-117.02278,33.017528,32
-119.26335,34.471705,5
-121.849669,37.94975,5
-112.737243,33.991425,4
-121.794939,37.172203,15
-97.492562,30.996758,67
-117.82,33.8,NA
-98.991942,30.077147,NA
-119.260855,34.471612,NA
-119.218505,34.482795,NA
-98.987899,30.081969,NA
-118.952605,34.148858,24
-117.842934,33.57774,NA
-117.219664,33.084822,15
-121.161833,36.480667,8
-112.102983,34.232355,NA
-119.216688,34.479697,NA
-98.123966,30.36364,17
-119.254333,34.463347,50
-116.423818,33.747319,19
-116.972066,32.67406,4
-116.9431,32.755578,55
-119.234512,34.454997,NA
-117.083061,33.054886,32
-116.972093,32.674062,2
-117.213242,33.098881,65
-111.678772,33.456106,5
-97.795295,30.613356,3
-119.253919,34.465018,64
-116.461678,32.972927,NA
-117.765815,33.809459,357
-118.504495,34.387618,16
-119.252046,34.461681,16
-116.519606,33.028347,NA
-116.444408,33.77397,5
-118.183958,34.078206,9
-119.257371,34.478422,5
-118.222504,34.103223,NA
-116.422697,33.748597,16
-119.610967,34.450183,5
-119.249006,34.497746,5
-117.17814,32.84414,NA
-117.1396,32.638185,5
-122.955829,38.41484,23
-117.74472,33.831534,NA
-118.092147,33.787992,NA
-119.367287,34.410662,4
-116.550037,33.147629,NA
-117.295417,33.091606,48
-119.063984,34.088701,9
-119.247544,34.470253,5
-118.972213,34.162311,4
-121.172517,36.49217,7
-119.129242,34.464948,5
-118.636336,34.12311,33
-119.16677,34.552837,10
-119.167972,34.552358,10
-119.287125,34.332655,14
-120.07516,35.108833,4
-111.020592,32.279372,NA
-119.276165,34.492846,5
-119.230261,34.49859,5
-118.055231,34.023239,5
-117.18707,32.79231,8
-119.273418,34.493517,5
-117.421013,34.232047,NA
-119.266057,34.495578,5
-119.280155,34.492132,5
-119.848736,34.407356,NA
-119.268583,34.495117,5
-119.254169,34.474234,24
-119.220826,34.514284,5
-117.245788,33.15392,5
-121.756622,36.668183,NA
-119.257568,34.476493,5
-118.760405,34.139514,4
-117.215888,33.083325,16
-117.21257,33.101472,32
-119.219761,34.514619,5
-117.420897,34.231945,NA
-117.714185,33.495692,395
-118.201747,34.098197,61
-117.942511,34.12104,5
-121.171883,36.492472,20
-119.181191,34.540681,5
-119.133985,34.446859,5
-97.79347,30.503448,5
-119.226396,34.510432,10
-119.27172,34.493095,10
-119.278239,34.492273,5
-97.782866,30.504559,50
-117.448684,34.037901,219
-121.143111,36.49658,5
-118.764375,34.186397,NA
-117.185867,33.093595,16
-117.844698,33.663055,450
-98.869273,32.168607,24
-119.168324,34.55462,30
-119.169247,34.555091,10
-117.044089,32.840447,16
-117.882422,33.63062,10
-118.171836,34.191119,5
-121.724378,39.791169,NA
-119.167679,34.553827,10
-121.459945,35.886995,5
-117.222579,33.064789,NA
-119.168198,34.554384,10
-119.644103,34.461028,16
-119.125246,34.471692,5
-98.824967,30.509103,5
-119.133808,34.448757,10
-118.502911,34.128103,22
-117.068811,32.804511,1
-116.723071,33.348429,5
-117.231265,33.065918,NA
-118.128692,34.206057,31
-122.007514,37.43135,NA
-118.097467,34.178449,7
-119.032311,34.086334,58
-122.085878,37.291605,5
-121.831151,37.514882,213
-118.876977,36.106591,NA
-116.847137,32.771722,NA
-117.043114,33.943775,6
-118.678449,34.242658,NA
-116.90033,32.88106,10
-117.113785,32.768726,NA
-117.019728,33.620445,61
-117.317361,33.99388,44
-116.7975,33.0239,NA
-122.229362,37.888997,4
-117.626692,33.604562,4
-117.487393,33.867531,15
-116.82557,32.885075,NA
-116.862823,33.891,8
-118.202058,34.097563,NA
-118.43052,33.969463,10
-106.431442,32.045375,10
-118.359145,34.006594,55
-121.969884,37.238983,NA
-118.097486,34.178482,8
-118.211515,33.874116,5
-118.719039,34.302291,NA
-117.447113,34.042981,5
-119.64645,34.460358,NA
-117.606849,33.656974,NA
-122.976303,38.268175,NA
-116.756912,32.808117,24
-98.469113,29.646915,28
-98.475634,29.596127,12
-98.466816,29.636443,15
-98.702787,29.541485,18
-98.466759,29.639517,13
-98.702834,29.541604,19
-98.465894,29.637053,8
-98.475579,29.595719,11
-117.257728,32.924103,5
-121.51265,37.337995,24
-97.84552,30.215819,90
-97.806744,30.494144,NA
-102.610719,32.104486,4
-102.012269,32.043645,NA
-99.808835,34.306615,12
-100.174387,34.06187,48
-106.525567,31.908195,4
-98.823508,30.492975,5
-98.547697,29.870614,11
-98.709048,29.498393,36
-99.131553,29.990088,24
-97.871248,30.519974,3
-97.799091,30.973852,302
-112.282268,33.473815,11
-111.260025,33.718956,50
-100.080339,29.932651,5
-117.776449,33.923442,319
-116.955383,33.042757,3
-117.232152,33.063834,NA
-117.246462,33.359512,14
-117.155407,33.126085,NA
-120.28705,35.43594,NA
-117.56255,33.55014,NA
-117.64594,33.48461,NA
-112.289066,33.472518,9
-112.677661,33.914959,4
-121.148773,36.492763,5
-122.169783,37.355703,NA
-102.648147,32.647713,8
-102.104019,32.016881,6
-117.219185,32.915675,NA
-117.118233,32.930791,9
-119.175437,34.443115,5
-119.293106,34.457966,NA
-117.305742,33.28905,12
-114.14661,36.30144,NA
-117.556389,33.551111,NA
-112.694994,33.932927,4
-118.768658,34.184718,5
-118.116858,34.202842,6
-116.354993,33.733997,61
-118.427422,33.966787,NA
-118.290003,34.156612,NA
-118.239107,34.086312,NA
-117.976871,33.967578,5
-107.975086,32.591513,451
-115.264217,36.332417,NA
-114.14661,36.30144,NA
-115.207722,36.325313,NA
-122.259504,37.94815,498
-111.121872,33.283358,5
-97.790313,30.421528,3
-97.761764,30.375702,11
-117.250083,32.88618,4
-117.067594,32.554348,8
-117.5169,33.6228,NA
-119.277728,34.521257,5
-119.373859,34.387228,5
-119.941037,34.52676,5
-119.947245,34.526547,5
-119.910124,34.520659,5
-120.041834,34.534064,10
-119.236534,34.539996,5
-119.245879,34.536771,5
-119.992914,34.531041,5
-120.043413,34.534848,5
-116.565635,32.897753,NA
-119.384311,34.385163,5
-120.033656,34.529668,5
-121.930123,37.851883,8
-117.819308,33.655462,122
-119.97407,34.526193,5
-119.91465,34.52043,5
-120.044269,34.535502,5
-119.424745,34.393232,5
-119.364707,34.410206,5
-121.820535,37.522825,NA
-119.956284,34.524407,5
-119.354174,34.39308,5
-117.073035,32.824188,5
-98.545301,29.818501,24
-120.375813,35.225461,NA
-120.027765,34.533262,5
-117.671395,33.639201,NA
-121.820413,37.523097,NA
-119.237341,34.546211,5
-116.923133,32.997747,19
-120.031444,34.534006,5
-117.684119,33.846941,NA
-120.691136,35.246477,5
-118.354924,34.245257,NA
-117.054756,32.852913,NA
-117.252587,32.957887,32
-120.691154,35.246446,11
-100.467844,30.1928,NA
-117.952413,33.63352,4
-117.51698,33.62292,NA
-118.10698,33.756303,4
-122.353378,37.514608,NA
-120.953644,39.208351,NA
-117.050247,33.182522,NA
-122.493155,37.83348,10
-119.356216,34.396415,5
-119.394086,34.403995,5
-121.783897,36.799033,5
-117.244888,33.029986,24
-117.18909,32.79734,8
-118.828605,34.084172,5
-117.245017,33.152367,5
-100.841861,32.847133,NA
-97.84526,30.215504,15
-118.299917,34.276287,25
-119.400239,34.530019,5
-118.858078,34.079972,5
-118.379274,33.741776,NA
-119.368983,34.399465,5
-119.359316,34.396858,5
-119.405672,34.405354,5
-117.927141,33.963955,NA
-119.000141,34.592845,NA
-120.70165,35.225778,NA
-119.404933,34.522996,5
-119.407229,34.517919,5
-118.546058,34.076098,NA
-117.589063,33.40301,8
-116.565608,32.897757,NA
-119.406579,34.52174,5
-119.3837,34.400771,5
-118.874847,34.099045,5
-119.401564,34.51333,5
-117.063609,32.850516,23
-119.235203,34.534325,NA
-116.543503,32.994378,NA
-118.704447,34.033542,115
-117.07478,32.791791,NA
-117.06758,32.73738,NA
-119.356694,34.397642,5
-119.402885,34.527139,10
-117.796258,33.553295,NA
-119.405021,34.516152,5
-119.399986,34.529223,5
-122.049719,37.25012,5
-117.014397,32.644558,16
-118.04795,33.707037,NA
-117.04317,32.841801,10
-119.39627,34.512154,5
-117.255362,32.956708,4
-119.369914,34.398762,5
-117.201553,33.094939,12
-117.529656,33.582514,NA
-116.580377,32.891843,NA
-119.362959,34.399321,5
-119.379016,34.400748,5
-119.63821,34.48229,NA
-119.59541,34.46748,NA
-119.60214,34.46345,NA
-116.874993,32.815967,NA
-119.60292,34.46467,NA
-118.165794,34.202837,5
-117.607768,33.836807,8
-119.245153,34.463447,9
-119.62584,34.47272,NA
-119.63806,34.47861,NA
-119.63766,34.47847,NA
-119.62272,34.46904,NA
-116.88793,32.868429,195
-116.96988,32.675367,8
-98.373812,30.734808,5
-116.720133,33.320101,5
-119.6044,34.46692,NA
-116.873798,32.815293,NA
-119.62457,34.47072,NA
-116.645833,32.841882,NA
-116.942977,32.725102,NA
-119.66546,34.46569,NA
-112.098845,34.230088,NA
-102.105726,32.031752,38
-119.59828,34.46533,NA
-116.743636,32.794602,5
-117.967038,34.115117,971
-122.893661,48.750922,10
-116.978085,32.84764,NA
-118.615124,34.092233,55
-118.0967,34.182262,135
-120.052065,35.06307,NA
-118.94125,34.124223,109
-118.211515,33.874116,5
-117.286613,33.539624,NA
-117.588192,33.749099,NA
-117.7803,33.914522,NA
-98.647683,29.572145,25
-98.405714,29.600209,19
-122.066969,36.952008,8
-99.498786,30.108356,30
-98.818567,29.884361,5
-98.820756,29.886861,5
-100.565433,30.266792,NA
-100.567208,30.2688,NA
-119.925431,34.671572,NA
-122.188417,37.31532,6
-123.440925,38.699395,5
-117.157367,33.075282,150
-117.5297,33.5825,NA
-122.068361,37.005983,10
-98.25529,30.32402,NA
-117.179758,32.934174,84
-117.888931,33.651725,10
-117.887307,33.652392,16
-117.888455,33.653445,20
-117.88734,33.652409,20
-117.887327,33.652402,20
-118.573075,34.122411,6
-117.073831,32.960886,8
-117.785483,33.551188,16
-117.781175,33.551717,6
-100.554103,30.280425,NA
-100.5632,30.280525,NA
-119.833258,34.528253,5
-122.900384,48.753477,NA
-122.900384,48.753477,NA
-122.893936,48.750806,5
-117.151869,33.078736,24
-117.227775,33.091361,24
-116.645455,32.592587,5
-117.023174,32.672169,8
-117.20427,33.096936,24
-119.434552,34.356569,5
-117.19272,32.81766,8
-116.998357,32.658197,8
-117.161842,33.109878,12
-117.211053,33.0838,16
-122.083331,37.164526,16
-117.434838,33.969875,NA
-123.7224,40.475772,NA
-99.730042,29.575125,12
-122.083314,37.164513,5
-117.446645,33.971805,NA
-120.237039,34.73125,5
-118.998742,34.343687,118
-117.279838,33.09357,32
-119.01217,34.083787,22
-117.939509,33.66254,13
-117.939483,33.662543,11
-117.087072,32.554267,NA
-120.792778,35.183889,30
-100.565192,30.266864,NA
-122.574342,38.462417,5
-122.663326,40.659047,8
-100.565256,30.266631,NA
-110.934123,32.130315,2
-117.19465,32.80894,8
-117.922753,33.886487,83
-117.712138,33.77176,NA
-119.046626,34.159937,16
-117.318677,33.702999,NA
-117.075833,33.05048,69
-117.19519,32.81316,8
-118.166436,34.20298,170
-119.687855,34.46493,10
-117.703198,33.752903,NA
-118.208375,34.193267,15
-122.793158,38.970683,24
-117.0633,32.816508,4
-117.065156,33.967278,34
-117.554912,34.164873,NA
-117.081978,34.056489,12
-118.952287,34.154117,436
-117.337906,33.144602,NA
-117.84276,34.155532,65
-112.318419,33.847896,4
-112.311427,33.85436,5
-118.52954,34.286273,889
-117.677547,34.198245,NA
-98.445316,29.633023,NA
-117.307658,33.140725,NA
-118.473313,34.172475,NA
-117.143598,33.086843,NA
-111.135976,33.275775,4
-122.062878,37.291681,3
-112.724556,33.966261,4
-112.329973,33.919142,4
-98.368662,30.747063,5
-116.861295,32.662254,5
-119.083217,34.438623,NA
-119.374512,34.50281,NA
-97.46685,31.198117,6
-97.720901,30.676067,NA
-117.844719,33.982228,50
-98.527528,29.563569,12
-106.308292,31.633845,5
-117.844514,33.986808,10
-97.852487,30.493347,10
-100.648121,30.559275,6
-117.026313,32.812522,NA
-117.829208,34.148036,48
-117.643608,33.879168,10
-117.275078,33.955263,8
-116.932821,32.636544,55
-117.106362,32.542172,NA
-112.131588,33.318076,5
-117.37098,33.740547,16
-105.947472,32.958267,5
-97.834512,30.474158,6
-98.578063,29.262645,4
-116.896323,32.689859,5
-105.943183,32.957808,5
-98.513164,29.746268,4
-105.943092,32.957813,10
-99.729958,29.575642,48
-117.637108,33.869567,5
-117.136589,33.557962,5
-117.346265,33.805473,977
-118.407825,34.30918,16
-118.346664,33.738056,NA
-117.249397,32.704863,10
-97.677292,30.6008,4
-112.367073,33.372563,NA
-117.237397,32.67343,5
-117.18426,32.79713,8
-117.021233,32.589678,11
-97.662658,30.627737,6
-99.176469,29.565307,478
-97.604268,30.231478,3
-105.961403,32.909572,5
-116.773102,32.628349,NA
-98.575423,29.25986,5
-99.777889,30.509227,8
-117.811534,33.568465,5
-117.126783,32.562178,NA
-117.656419,33.651624,5
-97.763061,30.555419,196
-117.882485,33.642162,3
-120.074082,35.109095,NA
-117.203103,33.083764,6
-102.120719,31.96297,6
-117.216513,33.083758,64
-120.167423,35.065553,NA
-117.158916,33.006427,5
-116.940155,32.732113,8
-117.139348,32.638432,3
-116.98082,32.847897,NA
-116.921951,32.633354,NA
-116.36605,33.255291,NA
-116.871861,32.730003,NA
-116.366037,33.255307,NA
-116.36605,33.255291,NA
-117.078788,32.824757,NA
-117.07908,32.8225,NA
-116.993978,32.723659,21
-116.871903,32.729806,5
-117.241099,32.671543,5
-118.682602,34.033273,191
-117.210053,33.086972,6
-117.079278,32.822308,NA
-117.019574,32.588562,63
-97.999318,29.814798,NA
-118.61113,34.274348,78
-97.741596,30.373773,5
-98.194135,29.869421,7
-117.037725,32.839756,6
-117.128716,33.026514,5
-117.082567,32.539397,6
-117.12313,32.561158,4
-117.317422,33.106126,NA
-117.244081,33.029792,32
-117.243958,33.029575,12
-97.835372,30.474025,7
-98.076819,30.282288,12
-117.125875,32.575222,5
-117.069681,32.803507,5
-117.18425,32.79899,10
-117.046581,32.863373,196
-117.196053,33.102903,24
-117.886116,33.654918,10
-117.188973,32.77811,6
-117.668116,33.745643,10
-117.256218,32.951817,NA
-97.68435,30.398895,5
-97.68438,30.398833,5
-117.666324,33.745621,7
-117.664829,33.744714,4
-117.660316,33.742215,7
-117.122485,33.032166,5
-122.18338,37.362613,5
-117.074267,32.825765,145
-117.076355,32.82542,NA
-122.390164,37.909809,5
-118.439343,33.971752,900
-117.193372,32.864022,5
-98.190073,30.326663,5
-117.240463,32.672072,5
-118.311814,34.217219,5
-117.924263,33.882928,5
-117.052783,32.818244,10
-116.968864,32.697208,5
-117.18085,32.75485,10
-117.123386,32.5668,NA
-117.063539,32.806197,5
-117.064839,32.806015,5
-117.051938,33.166788,7
-117.205903,33.096889,48
-117.240827,32.672316,1
-118.332222,33.769722,NA
-117.008712,32.817493,9
-118.295082,33.781813,NA
-118.470718,34.283309,NA
-117.033134,32.842567,NA
-118.252883,34.251517,90
-117.18905,32.7978,8
-116.825207,33.016377,NA
-118.287728,33.867768,NA
-118.294272,33.787387,NA
-117.218353,33.086411,400
-117.038776,32.839172,1
-118.409248,34.124199,NA
-116.80925,33.018117,NA
-116.80925,33.018117,NA
-118.476814,33.375081,5
-117.187881,32.77808,6
-117.037735,32.851131,NA
-118.439343,33.971752,900
-118.515816,34.30875,NA
-98.389956,29.604328,498
-118.510284,34.30891,NA
-118.723217,34.139095,NA
-117.046649,33.178544,469
-118.471499,34.283743,NA
-118.469975,34.282912,NA
-118.470718,34.283309,NA
-117.769211,34.13055,NA
-102.54352,30.143033,5
-117.210137,33.086739,16
-117.218353,33.086411,400
-117.20465,33.10712,65
-117.284545,33.166913,5
-117.205567,33.0969,32
-117.143342,33.086175,64
-117.069192,32.804261,NA
-118.206617,33.802525,NA
-121.914917,37.900996,NA
-117.219038,33.085803,24
-98.386995,30.03525,5
-117.035483,32.847385,NA
-114.982108,36.087742,5
-117.454912,34.012936,4
-98.575346,29.259931,8
-97.839168,30.060927,6
-108.458708,31.971122,5
-99.792221,29.178888,NA
-117.113618,32.770598,12
-117.123261,32.562858,NA
-117.124508,32.562986,NA
-118.128183,34.206385,5
-117.133547,32.971764,NA
-116.992299,32.724855,5
-117.769214,34.13055,NA
-118.309058,34.215167,30
-111.501445,33.730218,NA
-118.75795,34.116847,6
-117.794688,34.130654,4
-102.120669,31.962964,5
-117.257812,32.927839,5
-117.037597,32.787742,5
-118.380643,33.742829,3
-118.450682,33.96352,10
-117.249544,32.702295,5
-118.757706,34.115887,NA
-118.201126,34.106071,NA
-117.116875,32.93393,6
-117.203772,33.107103,8
-98.419983,29.645967,5
-98.077331,29.812104,22
-98.513003,29.746156,8
-97.870462,30.519988,4
-122.257,37.07176,NA
-116.940862,32.730785,5
-116.940966,32.73068,5
-104.519289,31.978208,200
-98.135138,29.782869,5
-98.821122,30.494833,5
-112.028984,33.726517,NA
-117.656978,33.650821,10
-119.43607,33.22811,NA
-117.039116,32.838703,NA
-117.040764,32.835876,NA
-117.128963,32.733859,10
-117.037286,32.786362,4
-117.074355,32.780862,8
-98.474677,29.593809,24
-98.393882,29.604453,16
-98.710688,29.5004,250
-98.633029,29.431684,24
-118.689562,34.035553,16
-118.526712,34.062642,6
-117.232495,32.789588,5
-118.51491,32.90883,NA
-117.316202,33.103363,NA
-117.044116,32.84354,9
-117.845352,33.636906,NA
-98.593063,29.415025,10
-120.999067,36.362798,26
-121.000367,36.358217,5
-119.176956,34.462222,30
-120.14579,35.08653,NA
-121.961821,37.443261,5
-117.45664,33.73827,NA
-118.195733,34.093139,24
-112.028984,33.726517,NA
-117.949062,33.982315,10
-118.883055,34.395317,5
-118.289213,34.13437,10
-116.943358,32.756419,6
-117.249383,32.704887,5
-116.92771,32.608182,NA
-99.935276,29.737665,4
-117.000755,32.654659,NA
-117.252991,32.952156,NA
-117.185246,32.786896,7
-117.112183,32.974293,NA
-118.958404,34.144702,8
-99.810845,30.4486,5
-98.601617,31.563678,5
-117.228118,33.074021,22
-117.22802,33.073916,22
-97.971406,29.856129,175
-121.186255,36.483973,5
-117.212503,33.102639,6
-98.367858,29.58483,5
-117.077597,32.845733,NA
-97.612946,31.813806,NA
-102.117889,31.965078,6
-97.714567,30.703275,NA
-117.219008,33.085961,6
-116.612518,34.000771,191
-98.370567,30.737267,5
-117.263992,33.005561,5
-117.199263,33.10545,12
-117.228311,33.073928,22
-97.795729,29.951886,200
-117.343689,33.241544,NA
-97.265655,30.071942,165
-117.249847,33.030667,16
-116.364983,32.975856,5
-117.317267,34.188984,20
-111.074286,32.32632,4
-97.892883,30.03426,10
-97.892925,30.03391,12
-107.315375,32.226463,4
-99.499733,30.109483,10
-117.231816,33.126819,5
-97.698216,30.291587,16
-118.105386,34.193417,8
-118.388189,33.755066,15
-118.465118,34.060112,NA
-117.234001,33.06776,NA
-117.282192,33.02481,22
-117.172058,33.457053,5
-117.414978,33.688928,NA
-97.743422,30.747897,4
-98.132912,30.255947,NA
-117.267143,33.961891,NA
-117.201425,33.101989,65
-98.617744,31.270455,8
-98.622358,31.269722,197
-119.29007,34.447747,5
-117.244785,32.868549,197
-99.684479,29.434819,5
-117.272125,33.959022,6
-97.611397,30.561237,NA
-117.817392,33.566953,5
-98.613861,31.27922,7
-117.139672,33.084064,200
-117.227197,33.074227,5
-118.027276,33.989304,132
-97.892865,30.034118,10
-117.227345,33.074311,22
-98.622746,31.270406,31
-117.19374,32.80687,10
-98.613918,31.279045,NA
-98.623338,31.270106,28
-117.113495,32.770821,NA
-118.504875,33.452312,5
-117.192357,32.769106,16
-117.410749,33.677422,76
-117.227782,33.074161,22
-117.228056,33.073884,22
-117.841268,34.163605,10
-119.196161,34.270792,5
-117.053154,32.82402,NA
-117.313858,33.919525,NA
-110.844919,33.009764,NA
-98.678117,29.623583,5
-100.660241,30.574357,8
-117.192987,33.093278,4
-117.67457,33.759055,12
-118.512576,34.054988,177
-105.966592,32.934113,4
-118.088058,33.808056,NA
-118.006416,34.000035,132
-117.144608,34.098503,5
-117.827774,34.159443,NA
-120.641302,38.04799,12
-116.91922,32.836803,10
-97.891463,30.339147,276
-117.2882,33.170503,6
-98.96662,29.988735,16
-117.024858,32.811485,10
-118.229333,34.1127,250
-117.068158,32.841303,NA
-117.069375,32.842092,NA
-122.684203,38.57542,8
-118.655914,34.0982,NA
-117.124257,32.71757,10
-118.759831,34.115862,73
-97.931079,30.889208,10
-116.968588,32.676078,8
-118.490188,34.409338,3
-118.769172,34.193808,5
-110.634731,32.010235,NA
-99.174805,30.102953,200
-117.295325,33.091611,32
-106.519075,32.018042,3
-116.986214,32.722747,5
-120.492347,35.324142,30
-116.889458,32.834125,5
-118.971162,34.153922,5
-121.890113,37.211034,10
-117.847145,33.635212,7
-116.995208,32.724272,NA
-117.263672,33.241587,8
-117.226566,33.073093,22
-117.227061,33.07229,22
-117.226538,33.073086,22
-117.22653,33.073033,22
-118.819319,34.07891,118
-117.887592,33.653218,195
-118.361197,32.826062,5
-122.266418,38.907551,NA
-103.487075,31.401058,6
-117.144417,34.098248,NA
-117.07145,32.832492,NA
-117.207778,33.078883,24
-117.071542,32.832458,NA
-118.193755,34.087258,5
-118.096855,34.181877,7
-117.183041,32.839515,5
-117.130778,32.79992,8
-121.767717,36.673033,5
-118.254982,33.859248,6
-117.242166,33.072115,22
-117.125553,32.563625,NA
-121.583589,36.058094,5
-116.968269,32.639664,5
-117.27323,33.225453,100
-119.225759,34.447172,30
-117.036926,34.056728,NA
-117.21643,33.084269,12
-118.176835,33.806551,12
-122.303408,37.944611,NA
-117.025911,33.277463,65
-115.916216,35.774806,NA
-120.47381,34.50545,NA
-98.965538,29.989783,12
-98.622106,31.26939,20
-117.856918,33.58425,22
-119.286178,34.3815,4
-119.28792,34.38078,4
-119.225806,34.294169,412
-120.460951,34.482052,NA
-120.653613,35.302851,NA
-120.47381,34.50545,NA
-120.47381,34.50545,50
-122.480292,37.800487,28
-122.232072,37.40667,8
-117.768427,33.761567,15
-122.29594,37.501145,7
-106.048517,31.906038,5
-122.29257,37.50021,7
-98.445779,29.689455,61
-121.19219,36.505764,21
-121.162142,36.482513,8
-118.655098,34.090778,5
-118.380142,33.743462,5
-119.286858,34.381405,4
-102.110764,32.019917,3
-117.082534,33.709972,NA
-118.099596,34.185118,9
-117.28453,33.36915,200
-119.790065,37.680102,20
-116.898254,32.913422,NA
-116.757063,32.808495,12
-98.633152,29.430659,16
-98.393635,29.604715,24
-98.393255,29.605499,16
-118.511903,34.124722,4
-118.520722,34.125481,4
-118.518592,34.058661,32
-118.170692,34.19748,6
-117.44774,33.35527,NA
-117.28453,33.36915,NA
-116.36456,32.97588,NA
-117.43864,33.31783,NA
-117.1227,32.9743,NA
-110.601621,31.646131,NA
-98.13868,29.65139,NA
-117.41164,33.64851,NA
-116.36461,32.97589,NA
-120.717563,35.175235,21
-98.13868,29.65139,NA
-117.44774,33.35527,NA
-97.911975,30.438614,5
-117.43864,33.31783,NA
-117.54924,33.76578,NA
-117.40918,33.65266,NA
-117.41164,33.64851,NA
-117.8386,34.1589,NA
-115.96066,35.79447,NA
-115.96067,35.79447,NA
-116.549363,33.747367,NA
-118.489845,34.409605,4
-118.362328,34.003925,10
-117.062393,33.065098,15
-117.245537,32.691783,10
-97.793075,30.423967,5
-99.935276,29.737665,4
-99.935276,29.737665,4
-118.1261,34.200833,16
-98.486595,29.875247,32
-99.696888,32.441517,NA
-117.886016,33.654219,33
-116.862731,32.736744,5
-101.489037,31.862744,3
-117.142897,32.731987,6
-118.319483,33.716933,NA
-117.0112,32.58602,5
-122.110267,37.7228,6
-121.985329,37.203589,5
-122.513973,38.442887,215
-119.528468,34.398595,5
-119.528556,34.398591,5
-117.182388,33.120578,6
-121.957975,37.438331,3
-117.022248,32.8238,2
-118.285485,33.709132,15
-117.70362,33.753755,5
-117.043,32.58697,8
-122.29145,37.476658,263
-117.550365,33.53765,48
-117.279638,33.094067,6
-108.437989,31.967129,22
-100.501864,31.134287,5
-100.499557,31.133741,5
-117.025608,32.645522,NA
-117.215187,33.106936,4
-99.271667,30.069722,NA
-117.140251,32.638428,5
-108.43802,31.967383,6
-117.052544,32.818111,NA
-117.594758,33.570693,208
-117.17893,32.79867,12
-117.1815,32.79731,10
-117.211517,33.101792,32
-117.939597,33.902108,5
-117.25332,33.015633,5
-118.721122,34.098792,10
-116.993865,32.934545,NA
-117.233329,33.134882,10
-117.189613,33.090072,12
-122.400367,38.862522,5
-118.721047,34.095687,263
-121.730868,39.791873,10
-117.15432,32.72908,NA
-121.921598,37.87627,20
-117.136327,32.723589,5
-117.18856,32.81278,8
-116.97974,32.727301,10
-117.1296,33.084842,8
-121.174494,36.483166,5
-119.548012,33.257637,NA
-117.218597,33.090272,8
-120.654686,35.309389,NA
-117.022412,32.851217,5
-116.98465,32.844078,NA
-117.282242,33.075017,8
-117.244942,33.153356,16
-112.69487,33.932275,6
-99.684453,29.43522,6
-121.140382,36.499942,5
-116.540099,32.998892,5
-116.843536,32.749369,10
-117.27947,33.52068,NA
-118.421509,33.904312,NA
-117.042223,32.840647,NA
-118.16699,34.141461,3
-118.44085,33.324963,400
-118.598053,34.133339,NA
-122.543117,37.938163,3
-117.069921,32.804129,59
-122.277494,37.46724,5
-121.759856,39.7817,NA
-117.174483,33.122208,12
-122.258706,37.9478,5
-116.982539,32.726331,NA
-117.226747,33.073165,22
-117.026318,32.812114,5
-117.203712,33.110864,16
-118.513895,34.091433,5
-121.759645,36.645547,5
-116.946423,32.728092,122
-122.227826,37.501364,8
-121.799133,37.18343,NA
-117.354317,33.807378,6
-117.04293,32.840542,NA
-117.769555,34.228865,NA
-99.879759,32.243287,4
-117.137321,33.094101,NA
-117.2465,33.538,NA
-119.486549,33.253719,NA
-122.264808,37.968603,84
-96.845134,33.050367,NA
-99.470872,30.066867,NA
-119.863907,36.839617,65
-117.766093,33.784102,3
-119.86387,36.839541,65
-117.191823,34.024174,30
-117.766035,33.784068,5
-117.191791,34.024161,10
-97.8712,30.182,NA
-97.8712,30.182,NA
-118.987938,34.082292,5
-117.606384,33.653463,7
-117.603653,33.650741,NA
-118.316886,33.332142,64
-118.382212,34.12612,NA
-118.535247,34.062108,6
-118.535522,34.082172,6
-109.059963,31.878758,NA
-117.064912,32.827656,5
-97.8712,30.182,NA
-117.030754,33.187008,NA
-119.676082,34.450144,57
-117.44385,33.66768,NA
-97.87,30.18,NA
-117.191863,34.022848,573
-116.71799,33.09501,NA
-97.871,30.182,NA
-118.55375,33.005447,5
-118.485428,32.874211,5
-121.178673,36.491601,30
-122.11907,37.334629,10
-114.985267,36.088253,7
-108.616675,31.971287,4
-116.547993,33.752943,NA
-116.945563,32.756825,8
-116.94133,32.749897,NA
-118.595183,35.976967,NA
-118.1508,34.2036,NA
-118.4583,34.144768,61
-112.251335,33.610262,NA
-117.250162,33.015519,12
-117.140128,32.639164,NA
-120.823258,35.348617,5
-117.031644,32.648047,NA
-119.512549,34.387541,10
-117.886444,33.654526,NA
-117.88378,33.653107,NA
-117.049583,33.173287,16
-117.67253,33.770207,5
-121.327391,35.82269,NA
-116.589638,33.217741,5
-117.016242,33.015872,65
-120.617057,35.243568,NA
-117.21753,33.091672,12
-116.981353,32.672644,5
-119.349348,35.073923,NA
-117.055633,32.818979,10
-117.228587,33.072257,22
-117.958025,33.640665,116
-117.824048,33.649795,NA
-116.937431,32.753892,5
-117.140516,32.638805,5
-117.744155,34.14391,5
-102.189231,31.407805,24
-117.23188,32.905796,NA
-122.241,37.0853,NA
-117.884419,33.652737,5
-118.577658,34.08905,6
-118.458183,34.144914,6
-118.348312,33.322838,5
-117.204042,33.109961,16
-117.204667,33.109783,32
-117.273903,32.825837,5
-116.655909,33.046983,5
-118.770088,34.204995,5
-118.532451,32.942943,45
-117.228247,33.07391,22
-117.051789,33.167125,48
-117.279061,33.013062,22
-116.99449,32.924312,532
-98.491336,29.617618,32
-118.5746,34.061589,6
-118.50743,32.930595,5
-118.1197,34.1986,NA
-111.038891,32.294231,5
-117.76648,33.7823,4
-117.891011,33.620861,NA
-117.106292,32.649678,NA
-117.785774,33.818417,9
-119.046445,34.159839,5
-116.700414,32.7586,NA
-118.482168,33.441435,10
-117.233096,33.072022,22
-111.833223,33.964248,209
-117.45603,33.650343,NA
-117.252586,32.947057,10
-117.576854,33.660523,3
-117.58065,34.165006,3
-118.779451,34.67571,24
-122.282062,37.461561,32
-117.230508,33.072977,22
-117.553021,33.5404,NA
-116.552222,33.116667,NA
-118.147117,34.217228,5
-116.999172,32.648108,30
-117.204002,34.029976,NA
-117.055534,32.820282,7
-117.60822,33.836706,5
-117.203597,33.623208,24
-117.359938,33.812522,20
-112.543024,33.560724,NA
-98.023208,30.389953,10
-104.254824,32.440055,5
-116.983652,32.925593,10
-119.023583,36.431888,8
-118.323528,34.134822,NA
-102.12309,31.965844,5
-116.465556,32.962222,NA
-116.465543,32.962155,NA
-116.545278,33.135556,NA
-116.493889,32.982222,NA
-102.123061,31.965812,5
-117.401883,33.700847,NA
-117.184528,32.776183,10
-98.648061,29.689119,43
-97.616741,30.565142,8
-118.595648,34.291502,NA
-118.148254,34.217652,32
-117.184916,32.777323,46
-118.51989,34.308147,NA
-116.943558,32.616706,NA
-116.943558,32.616706,NA
-116.942572,32.617694,NA
-102.120014,31.96799,5
-111.015708,32.262087,5
-118.566968,34.151003,NA
-117.675185,33.876125,314
-117.747192,33.727894,5
-117.765878,33.816928,NA
-102.120927,31.963048,12
-118.560057,34.275588,NA
-117.118883,32.545074,5
-119.92478,34.766559,NA
-119.879188,34.73479,NA
-100.974979,29.460934,NA
-98.440322,29.966453,5
-101.020168,29.551151,NA
-100.974985,29.460991,6
-101.318927,29.695543,6
-97.817195,30.24072,NA
-100.974693,29.461797,NA
-99.771144,32.442305,2
-116.519115,33.028235,NA
-117.312988,33.276772,15
-117.597492,33.838141,3
-117.400165,34.202087,2
-117.084957,32.55419,NA
-97.866478,30.240762,NA
-118.709643,34.0856,NA
-118.708525,34.068625,NA
-118.313775,34.219489,NA
-118.300889,34.219617,NA
-117.253288,32.95171,NA
-118.285439,34.150205,157
-117.074959,32.725727,NA
-118.130807,34.204171,5
-118.656203,34.092798,NA
-117.143311,32.731983,10
-117.143297,32.730986,NA
-122.430584,37.684075,15
-122.430256,37.683817,NA
-122.430292,37.68377,NA
-117.198983,32.865195,30
-118.288122,33.868098,NA
-118.610512,34.278017,31
-118.167003,34.200875,10
-97.559867,30.497537,5
-117.199501,32.864717,5
-97.651514,30.233089,NA
-98.525522,29.563528,24
-97.451886,30.148089,NA
-122.223172,37.875093,418
-122.217347,37.868718,NA
-118.612472,34.418533,12
-118.309495,34.22224,NA
-118.069387,34.051375,NA
-118.311028,34.220161,NA
-118.036843,33.991077,NA
-118.295338,33.782373,NA
-117.12535,32.97827,7
-122.223601,37.875138,104
-103.786831,30.944008,100
-117.106598,32.540703,55
-122.584419,38.400504,3
-117.322639,33.275767,15
-117.14021,32.736337,10
-121.810432,37.528465,NA
-118.80034,34.034183,NA
-121.759994,37.197436,6
-118.165917,34.202993,NA
-118.196533,34.097865,475
-117.668611,33.784444,NA
-122.256692,38.366617,5
-98.2669,30.573247,10
-118.300889,34.219617,NA
-116.781912,33.000736,6
-122.387558,37.910982,5
-118.307442,34.213414,NA
-118.196533,34.097865,475
-118.549752,32.997487,5
-121.899697,37.159295,16
-117.976778,33.967252,NA
-116.628258,34.016483,NA
-118.338273,34.142845,NA
-118.307778,34.118333,NA
-118.473197,34.173798,NA
-118.387653,33.750881,128
-117.143252,32.736712,9
-118.285828,34.150963,NA
-102.337531,31.097119,50
-112.012665,33.391526,NA
-102.12067,31.96296,NA
-119.99899,34.81414,NA
-116.86362,32.66803,NA
-117.28084,33.337238,NA
-117.067308,32.963293,NA
-120.07563,35.107028,5
-97.13352,32.788832,NA
-117.3956,33.880737,NA
-102.12067,31.96296,3
-118.3199,33.733805,5
-116.871713,32.73013,NA
-117.143642,32.730325,NA
-116.77217,32.825453,NA
-116.760087,32.799475,NA
-118.905728,34.216397,5
-118.878753,34.061718,NA
-116.856853,32.722716,9
-117.063736,32.550928,86
-117.145087,33.08658,195
-117.607498,33.836945,NA
-122.149719,38.482777,NA
-117.465222,33.80348,6
-103.98333,30.436945,NA
-97.87137,29.98972,6
-117.022977,32.813391,378
-98.752962,29.471625,5
-108.43837,31.967475,5
-117.023955,32.81573,5
-98.750563,29.795122,5
-117.03461,32.846746,8
-117.1254,32.563525,NA
-122.478369,38.344985,344
-117.289694,33.165653,5
-118.622855,34.251587,NA
-118.429638,33.982782,10
-106.782048,32.292531,2
-98.006538,30.193815,9
-118.274498,34.182024,22
-121.871264,37.160305,191
-122.294738,37.487587,6
-118.300322,34.141156,6
-118.286217,34.150708,12
-118.467773,34.060432,NA
-122.582494,37.957033,NA
-96.845114,33.050394,NA
-117.962225,33.971932,NA
-119.341697,34.45405,NA
-117.268028,33.004594,NA
-118.147484,34.217171,NA
-118.52738,32.906528,5
-117.183327,32.837665,7
-117.183333,32.837702,4
-121.773331,36.680832,NA
-121.774315,36.680303,458
-118.8161,34.077747,NA
-121.868637,37.090681,8
-117.724188,33.820003,5
-117.721005,33.81868,NA
-98.915088,30.253239,65
-121.770313,36.50471,796
-116.741223,32.854962,NA
-121.208472,36.493056,397
-118.619683,34.424903,8
-118.442413,33.952454,NA
-120.832987,35.458103,5
-118.11978,34.198428,6
-118.307962,34.144214,6
-118.308542,34.11625,6
-118.147294,34.217195,5
-122.137566,37.348964,15
-98.8201,30.497867,10
-98.820564,30.495861,5
-120.117305,36.090857,5
-118.40255,34.37782,NA
-119.3389,34.452486,NA
-120.9165,36.6596,10
-118.87908,34.058522,5
-119.598845,34.6294,NA
-119.90801,34.77644,NA
-119.616054,34.575364,NA
-117.34401,33.24605,200
-118.407822,34.124767,4
-119.592156,34.651997,5
-119.545289,34.645803,5
-117.34401,33.24605,NA
-119.614906,34.576192,10
-119.376411,34.387633,5
-120.2025,35.8441,NA
-119.18448,34.94709,NA
-116.413968,33.747528,8
-121.188605,36.432778,NA
-117.001139,33.173121,4
-118.3211,34.2731,NA
-117.289017,33.030895,65
-118.216338,34.200417,5
-117.126069,32.563061,NA
-117.297555,33.09328,NA
-118.650712,34.081583,NA
-117.245924,33.138738,2
-119.336561,34.454961,NA
-122.523262,37.83593,5
-122.461313,38.369217,344
-119.558175,34.049357,23
-122.06623,36.986105,5
-117.241048,32.914199,516
-117.27004,33.004144,217
-116.616992,33.018996,5
-117.031127,32.840472,8
-119.037749,34.171409,31
-121.795115,37.396136,15
-117.022073,32.825723,8
-117.187758,34.022992,NA
-118.473278,34.373342,313
-121.906875,37.891292,8
-117.703431,33.754524,NA
-117.688347,33.87078,NA
-118.771508,36.534355,32
-117.969833,33.917575,5
-118.097129,34.18428,33
-118.214996,34.200279,NA
-118.498611,34.31778,NA
-118.249453,34.252096,4
-120.776416,35.351448,5
-120.04042,34.712824,5
-117.183058,32.839641,5
-118.291787,34.2103,5
-120.815548,35.302574,10
-122.260772,37.076847,6
-118.281486,34.1228,6
-118.304297,34.136017,6
-118.30127,34.134756,6
-117.427369,33.613153,5
-118.512409,34.31287,15
-119.004853,34.066381,5
-119.989356,34.758488,NA
-119.76356,34.63184,NA
-120.042839,34.793666,NA
-119.72325,34.58212,NA
-121.83,36.88,NA
-118.5132,34.550878,4
-118.473053,34.177803,4
-118.723747,34.099056,6
-119.76356,34.63184,NA
-118.903409,34.219441,15
-118.589545,34.523635,NA
-118.006818,33.995513,NA
-122.507073,37.563097,4
-117.132583,33.090936,5
-117.865748,34.234093,NA
-117.175,32.926667,NA
-118.192082,34.260668,27
-122.28,37.485581,10
-118.248703,34.110795,NA
-118.146865,34.21704,32
-118.82634,34.28566,NA
-121.100822,37.082211,NA
-102.123055,31.967222,5
-99.731964,29.577243,300
-97.749947,30.409592,100
-101.322022,29.69426,20
-118.308746,34.144043,NA
-116.366111,33.254444,NA
-116.366072,33.254213,NA
-116.366027,33.25443,NA
-118.321547,33.317383,5
-117.201774,34.143492,5
-123.152369,42.418551,NA
-123.554883,42.880752,NA
-123.152542,42.419016,NA
-123.146363,42.421702,NA
-123.142401,42.419602,NA
-110.982038,33.110354,NA
-123.556094,42.882007,NA
-123.555795,42.881405,NA
-123.14768,42.423183,NA
-123.526597,42.925615,NA
-123.148319,42.416773,NA
-123.147778,42.416281,NA
-123.141226,42.416655,NA
-123.15201,42.418147,NA
-123.147492,42.416343,NA
-110.993146,33.106459,NA
-123.148782,42.419246,NA
-123.151465,42.416561,NA
-114.810864,36.749297,NA
-123.145037,42.424044,NA
-123.142182,42.418018,NA
-123.143872,42.420803,NA
-123.142992,42.423175,NA
-123.555814,42.897245,NA
-123.147929,42.423017,NA
-123.147056,42.416963,NA
-123.14507,42.419514,NA
-123.147078,42.424424,NA
-123.148135,42.41654,NA
-123.556664,42.883031,NA
-123.151125,42.417688,NA
-111.1352,33.107252,NA
-123.1517,42.41941,NA
-123.142362,42.423081,NA
-123.155081,42.415975,NA
-116.933762,32.62448,NA
-97.907981,30.295075,100
-118.569243,34.35617,NA
-118.145262,34.214655,NA
-118.972796,34.153015,10
-97.753478,30.407728,100
-117.712522,33.58705,NA
-117.673727,34.179372,NA
-117.820867,34.089858,NA
-117.924307,33.969125,NA
-118.688835,34.220863,NA
-117.816715,33.566997,NA
-117.073109,32.825542,5
-117.105375,33.062525,NA
-118.3089,34.2833,NA
-122.653921,38.022456,9
-117.055724,32.832502,5
-117.075885,32.82157,NA
-117.018883,32.828742,NA
-102.373695,32.464908,NA
-118.383458,34.269959,180
-117.281958,33.071061,NA
-118.201124,34.098079,103
-118.192721,34.099956,5
-98.017447,30.520331,NA
-118.611875,34.273154,31
-118.611958,34.273402,31
-117.241303,32.670647,NA
-117.034653,32.838367,NA
-118.223614,34.112121,130
-98.732609,29.778596,NA
-117.23745,32.814411,NA
-117.066853,32.828821,5
-98.033924,30.66076,244
-97.930847,30.597426,197
-117.614433,33.860782,55
-97.700958,30.424524,31
-117.35527,33.805397,977
-117.665461,33.552368,5
-97.660487,32.080737,NA
-117.814499,33.573144,5
-120.478252,34.482692,NA
-97.670887,30.269668,9
-119.734588,33.995462,NA
-117.933388,33.969305,NA
-117.930053,33.969897,NA
-118.61618,34.256769,10
-118.375947,33.740392,NA
-117.09463,32.893362,5
-112.122273,36.054617,NA
-111.0125,32.3675,NA
-118.541037,34.142027,20
-117.21,33.19,500
-117.16876,33.01071,NA
-117.25135,32.89154,NA
-118.201129,34.098712,NA
-112.251419,33.610512,6
-118.62771,34.261523,122
-117.883018,33.88815,NA
-111.018294,32.26393,NA
-112.250415,33.610437,NA
-117.661717,33.551851,5
-117.070141,32.826922,15
-117.175584,32.799576,61
-118.628508,34.432392,NA
-119.502495,34.385658,31
-97.687877,30.431994,29
-111.008414,32.252997,NA
-118.485353,34.128486,12
-118.168045,34.14325,NA
-98.425548,30.10376,35
-117.900628,33.939942,NA
-118.580053,34.091549,193
-122.628237,37.99145,NA
-97.846802,30.157907,80
-118.427393,33.966658,NA
-118.611188,34.273886,61
-117.055546,32.820278,4
-121.851188,37.233795,NA
-117.313266,34.189298,NA
-118.42688,33.966042,7
-117.756858,33.83851,196
-117.61854,33.710392,196
-117.408997,33.698508,918
-117.473953,33.793557,189
-121.917008,37.880275,NA
-97.150818,31.527258,NA
-118.631301,34.136441,5
-116.771386,32.603641,111
-116.77572,32.602593,111
-97.688282,32.076988,NA
-117.269997,33.057953,NA
-97.683631,32.440237,252
-117.30648,33.925398,NA
-121.819122,36.872013,NA
-117.80951,34.239423,NA
-117.4684,34.2651,NA
-117.4696,34.2991,NA
-117.4675,34.3033,NA
-118.412778,34.286944,NA
-117.43043,34.31751,NA
-118.395556,34.300556,NA
-117.46779,34.26629,NA
-117.44643,34.32164,NA
-118.167585,34.097212,172
-116.98685,33.07737,NA
-118.2525,34.2503,NA
-117.254815,32.954308,18
-97.83835,29.555433,NA
-118.448007,33.424493,NA
-122.60772,38.127709,NA
-117.43042,34.3175,NA
-117.46778,34.26628,NA
-117.004808,33.23805,8
-117.783206,33.603239,15
-97.83835,29.55543,NA
-109.277319,31.3366,100
-101.636742,32.763103,NA
-122.100763,38.500221,122
-117.106361,33.138777,2
-119.423251,34.349721,5
-117.745342,33.561134,5
-121.177311,36.499593,244
-112.866888,34.408563,NA
-118.223614,34.112121,130
-117.06974,32.778817,4
-120.227027,34.505192,NA
-122.149449,37.626654,6
-116.630622,32.925213,NA
-122.010483,37.639453,NA
-122.408722,37.225678,NA
-122.479875,37.800203,NA
-118.62279,34.251166,15
-119.502426,34.386308,10
-120.235289,34.501665,NA
-120.232847,34.498231,NA
-120.238659,34.50204,NA
-120.234631,34.501509,NA
-120.23643,34.501489,NA
-117.839012,34.28437,NA
-118.474439,34.32388,26
-118.47566,34.325088,NA
-120.232305,34.50258,NA
-120.240375,34.50387,NA
-120.240441,34.502848,NA
-120.240052,34.502245,NA
-120.227471,34.505293,NA
-120.238928,34.502081,NA
-117.46548,34.27275,NA
-117.4867,34.28508,NA
-117.46631,34.2708,NA
-117.50737,34.30554,NA
-117.46495,34.33262,NA
-117.47422,34.32574,NA
-117.48521,34.30573,NA
-117.48254,34.31919,NA
-117.45853,34.32478,NA
-118.809618,36.505173,NA
-120.230812,34.505536,NA
-120.62,38.29,NA
-101.63674,32.76302,22
-98.13875,29.651517,NA
-98.12495,29.7209,NA
-98.185433,29.619567,NA
-117.295851,33.091542,36
-98.13875,29.651517,NA
-98.185433,29.619567,NA
-98.185433,29.61667,NA
-118.808274,34.001888,5
-117.745664,33.566614,5
-117.346957,33.805991,195
-99.301117,30.083628,NA
-117.838882,34.164082,NA
-117.45243,34.23234,NA
-117.4629,34.27158,NA
-118.509945,34.075098,NA
-118.51153,34.087648,NA
-118.650532,34.266957,NA
-118.24149,34.101385,NA
-117.075646,32.82577,165
-117.278845,33.173145,NA
-118.512214,34.312997,NA
-117.943988,34.113005,NA
-117.716148,33.494692,NA
-118.323378,34.485652,NA
-117.949512,33.976413,NA
-117.525435,34.182815,NA
-102.12313,31.965845,5
-117.386188,33.708648,NA
-117.436913,33.720427,NA
-123.409765,42.622911,NA
-115.39274,36.133632,NA
-115.392553,36.133678,NA
-114.811274,36.74392,NA
-115.392227,36.138076,NA
-115.393008,36.132788,NA
-123.14705,42.418565,NA
-115.392658,36.133582,NA
-117.951116,33.978525,NA
-117.67821,33.765636,NA
-117.921305,33.966001,NA
-117.054575,32.819263,5
-118.098183,34.184113,NA
-118.095903,34.181397,NA
-117.778676,33.83176,NA
-97.722383,30.66461,100
-98.166935,30.750098,100
-118.189937,34.103318,8
-118.00209,33.96985,NA
-120.822962,36.533505,NA
-98.114905,31.710134,200
-117.92029,33.96521,NA
-118.879828,34.05737,NA
-117.927748,33.968743,NA
-117.928808,33.978782,NA
-116.788803,33.120172,NA
-117.206046,33.801279,17
-117.558715,33.658188,NA
-117.800786,34.049453,NA
-117.827241,34.033565,NA
-117.39235,33.64017,NA
-99.93533,31.68729,NA
-99.37498,31.46387,NA
-117.727289,33.870839,5
-117.914915,33.969022,NA
-117.751557,33.582563,NA
-117.939563,33.973662,NA
-118.060112,34.155284,540
-98.765374,29.549136,5
-117.800263,33.999577,NA
-118.756339,34.147096,3
-118.755791,34.14732,4
-117.934887,33.981182,NA
-117.83,34.058889,NA
-97.89519,30.337085,5
-118.113677,34.195434,5
-117.162259,33.441132,110
-118.409207,32.862502,215
-110.716203,32.202852,112
-118.502439,34.128044,100
-117.960917,33.972967,NA
-118.315617,34.123023,NA
-118.755447,34.146835,5
-118.755419,34.146818,5
-117.171487,33.458586,NA
-117.170842,33.472355,NA
-117.998028,33.966912,NA
-118.171405,34.20999,5
-118.327169,33.77237,3
-118.814382,34.129878,5
-117.954297,33.971985,NA
-105.017881,31.751124,112
-117.394149,33.973573,8
-117.940853,33.97225,NA
-117.945433,34.117253,NA
-117.978643,33.96843,NA
-108.74333,32.35234,56
-96.846628,33.047633,NA
-106.643874,31.900901,10
-98.559163,32.534835,NA
-118.705609,34.082684,100
-117.243244,32.959936,400
-121.155155,36.48815,86
-118.292755,34.142129,6
-97.894181,30.336289,5
-122.28006,37.472773,5
-118.253281,33.86071,918
-121.933175,37.911892,NA
-117.07169,32.78002,NA
-117.753611,33.837222,NA
-118.023028,34.189784,30
-118.023133,34.185321,30
-118.023028,34.189784,30
-99.578439,30.671753,100
-98.35783,30.74611,NA
-98.66513,31.3695,NA
-117.24358,32.66741,NA
-116.85778,32.99556,NA
-97.885492,30.338908,NA
-97.724786,30.182286,NA
-117.798889,34.160278,100
-117.796389,34.209167,100
-117.79889,34.16028,NA
-118.253281,33.86071,918
-117.79889,34.16028,100
-117.796389,34.209167,100
-118.100179,34.187972,700
-117.04415,32.840618,27
-117.825062,33.919867,NA
-97.825305,30.101643,5
-97.365663,32.723817,113
-122.603045,37.982807,10
-119.299806,34.451858,NA
-121.31225,36.772772,13
-122.128912,37.986758,5
-122.129541,37.988498,NA
-117.241762,32.673642,NA
-121.174462,36.490617,NA
-119.012672,34.07735,5
-122.1434,37.624565,209
-121.174551,36.490657,13
-121.186233,36.483963,10
-119.30802,34.279959,5
-116.928682,32.697528,5
-118.78466,36.515796,20
-118.750011,34.08008,3
-118.44783,33.960617,918
-118.82816,36.491183,5
-122.005314,37.024993,5
-121.1559,36.482883,NA
-98.415748,30.275454,5
-114.985257,36.08811,16
-117.930275,33.974837,NA
-118.093037,34.174291,274
-117.99737,33.972395,NA
-97.977777,29.883838,18
-112.098975,34.22989,5
-117.815492,33.855063,NA
-117.562305,33.549402,NA
-122.06533,37.089122,NA
-120.685391,35.280878,5
-122.278472,37.468358,NA
-112.003606,33.461781,5
-120.693056,35.223611,NA
-120.825,35.34694,NA
-120.767758,35.195095,NA
-118.00505,33.967582,NA
-122.115516,37.334494,NA
-98.182295,29.141679,300
-99.04861,30.87444,NA
-117.239899,32.67419,165
-97.880622,30.016836,86
-116.76249,33.32747,NA
-117.798889,34.158889,100
-122.146983,37.647532,105
-121.774541,36.248775,31
-120.922706,39.109026,31
-118.448008,33.960709,5
-121.564119,36.06214,10
-117.943177,33.972475,NA
-117.663727,33.682427,5
-119.024069,34.112714,NA
-97.66515,32.434202,3
-118.933197,34.228038,NA
-118.931892,34.226142,NA
-119.013436,34.091836,NA
-117.2525,33.008496,NA
-117.71293,34.218545,NA
-119.024758,34.124119,NA
-119.035728,34.124997,NA
-119.035592,34.123233,NA
-121.688824,36.586355,5
-119.02205,34.079361,NA
-121.904655,37.1081,NA
-119.038972,34.121525,NA
-118.044358,34.002487,NA
-102.911239,30.893564,200
-101.824712,30.90147,56
-118.509385,34.054522,NA
-117.820513,34.164717,NA
-118.142222,34.218889,NA
-119.027528,34.11087,NA
-121.051389,38.769722,NA
-119.17606,34.13931,NA
-122.245223,37.364188,8
-122.974395,38.448928,NA
-122.138486,37.802725,515
-122.720976,48.601131,300
-122.72063,48.60058,NA
-117.75943,33.596577,NA
-118.012007,33.991637,NA
-118.004388,33.995648,NA
-121.912903,36.422778,NA
-117.830565,33.920203,NA
-117.856443,33.600423,NA
-122.365538,37.808117,NA
-122.272372,37.485015,50
-117.79569,34.001905,NA
-117.938595,33.977355,NA
-117.188422,34.152083,NA
-116.64663,33.035228,5
-118.237872,34.098572,NA
-118.317807,34.271218,NA
-119.200543,34.436765,NA
-119.34195,34.40959,NA
-116.885445,33.952038,NA
-118.412783,33.746515,NA
-117.665562,34.220992,NA
-117.810607,34.236205,NA
-118.745603,34.613288,355
-117.281667,33.075556,NA
-117.273185,33.006185,NA
-117.763923,34.23798,NA
-117.084368,32.54087,NA
-118.002648,33.990988,NA
-117.764255,34.227377,NA
-117.448995,33.651595,NA
-121.180916,36.489677,744
-118.306893,34.214888,NA
-118.085,34.16224,NA
-117.977308,33.973635,NA
-117.131437,33.457663,NA
-118.097443,34.183147,NA
-117.023706,32.673049,NA
-118.298103,34.138255,NA
-118.479665,34.178911,NA
-117.933828,33.98178,NA
-118.020231,33.991306,NA
-117.895218,33.89709,NA
-97.034386,30.810172,NA
-118.020233,33.98201,NA
-119.207969,36.919743,NA
-118.050268,34.003666,NA
-117.800946,34.006333,NA
-117.890447,34.16102,NA
-117.954095,33.972418,NA
-117.889366,33.651583,NA
-118.25186,34.250229,NA
-122.283142,37.4868,NA
-118.305332,34.233183,NA
-116.85653,32.828326,NA
-123.818913,42.706185,NA
-115.140599,35.50571,NA
-112.098173,34.228041,NA
-123.481825,43.621127,NA
-117.074817,32.832501,342
-119.226,34.23607,NA
-119.22605,34.2361,400
-120.646639,35.158916,NA
-120.646639,35.158916,NA
-117.922835,33.964146,NA
-118.00098,33.966501,NA
-118.412856,33.78817,NA
-117.599908,33.836921,NA
-97.033358,30.811025,10
-117.923245,33.973051,NA
-122.321101,37.588756,100
-96.84927,33.0458,NA
-117.930046,33.969621,NA
-118.472978,34.17675,NA
-117.951328,33.900466,NA
-117.976935,33.966843,NA
-117.98669,33.969923,NA
-117.864997,33.971642,NA
-117.960763,33.970551,NA
-117.97171,33.97527,NA
-117.900948,34.04371,NA
-117.988291,33.969656,NA
-120.341867,35.877476,NA
-111.94793,33.39424,NA
-117.936403,33.96941,NA
-118.09833,34.18889,NA
-118.098333,34.188889,100
-119.2755,34.43515,200
-120.72,35.33,NA
-117.15586,32.95024,NA
-118.098333,34.188889,100
-111.94793,33.39424,NA
-119.052615,34.103703,219
-119.785705,34.544423,50
-122.539766,37.922042,41
-117.835375,33.570033,NA
-118.755657,34.147116,5
-98.548339,29.543302,4
-118.002106,33.994223,NA
-118.092441,33.749741,NA
-98.049096,30.747692,5
-97.645297,30.235047,4
-118.001085,33.966783,NA
-118.962329,34.151611,172
-118.901998,34.233794,9
-118.050268,34.003666,NA
-122.214015,37.927834,5
-118.096464,34.180379,13
-118.096458,34.181325,NA
-118.020231,33.991306,NA
-117.836856,33.918818,NA
-116.940976,32.732125,204
-118.085,34.16224,NA
-118.479665,34.178911,5
-118.70302,34.890683,NA
-118.012327,33.994051,27
-122.283142,37.4868,NA
-98.629728,29.560263,4
-118.637702,35.291633,6
-122.109452,37.459674,191
-111.7818,33.84142,NA
-118.381205,33.743062,284
-118.160624,34.216194,149
-118.363678,33.755648,270
-118.000383,33.968883,672
-104.256937,32.445274,10
-104.256937,32.445274,10
-111.7818,33.84142,NA
-113.487092,37.150382,NA
-112.528027,36.973215,NA
-118.8237,34.3892,NA
-117.29185,33.29097,NA
-116.73229,32.98921,NA
-121.916639,37.880395,104
-122.229903,37.40502,630
-111.94793,33.39424,NA
-114.046219,36.53526,106
-117.75778,34.20556,NA
-111.94793,33.39424,NA
-117.992601,33.980608,NA
-117.917768,33.969098,NA
-121.535837,36.049389,500
-117.847558,33.97538,NA
-121.67405,36.802247,NA
-117.741643,33.878755,NA
-117.895218,33.89709,NA
-117.889366,33.651583,NA
-116.78938,33.111683,552
-118.007101,34.000921,NA
-118.425873,33.965571,NA
-116.78938,33.111683,552
-118.385736,34.264152,67
-118.201797,34.15473,66
-118.183322,34.144782,135
-118.25186,34.250229,92
-118.2006,34.161188,156
-118.013819,34.099697,58
-117.858959,34.12099,102
-117.890447,34.16102,26
-117.794629,34.131719,78
-117.925684,34.170093,216
-118.196091,34.224073,45
-118.165368,34.200094,57
-118.305332,34.233183,79
-118.31121,34.231862,97
-118.297145,34.205756,96
-118.238938,34.199973,33
-121.792,36.659,NA
-121.792,36.659,NA
-117.912378,33.990688,NA
-117.994108,34.008941,NA
-118.887783,34.191083,5
-117.938501,33.970475,NA
-118.013976,33.9953,NA
-117.721165,33.550283,NA
-118.822648,34.130403,6
-118.298103,34.138255,160
-118.165385,34.20466,35
-118.186724,34.071926,28
-118.052487,34.003892,6
-118.013977,33.995336,8
-118.175716,34.113108,16
-118.195243,34.095317,8
-118.129872,34.204368,6
-117.9878,34.174715,8
-117.977122,34.177655,6
-118.166459,34.133676,8
-118.208374,34.193015,6
-118.090379,34.185296,16
-118.022624,33.979596,6
-117.80889,34.20417,NA
-117.808889,34.204167,100
-117.808889,34.204167,100
-117.8049,34.006547,NA
-118.252601,34.250262,6
-117.8366,33.922682,27
-118.070879,34.027308,4
-118.046497,34.172617,8
-118.043275,34.032773,6
-117.995598,34.006782,6
-117.84745,33.990545,NA
-117.855347,33.978245,NA
-117.843842,33.98783,NA
-117.777131,33.673603,8
-117.88558,34.175555,8
-118.19143,34.264132,12
-117.745821,34.147972,6
-118.033547,33.990987,NA
-117.759987,33.828858,NA
-117.052619,34.074539,NA
-117.805103,34.03721,NA
-117.5224,34.170538,NA
-117.42723,33.612688,NA
-117.933828,33.98178,NA
-117.954095,33.972418,NA
-117.857772,33.9762,NA
-117.767006,33.56535,NA
-118.425993,33.965511,4
-118.655857,34.093912,6
-117.952071,33.973275,NA
-118.22389,34.28472,NA
-117.924907,34.157361,33
-117.871461,34.028638,NA
-117.598478,33.832765,NA
-117.889521,33.936498,NA
-118.001105,33.969256,NA
-116.942554,32.613207,223
-117.800946,34.006333,NA
-118.020233,33.98201,NA
-117.890205,34.166061,NA
-117.080055,32.821403,134
-118.374907,33.740174,6
-118.365435,33.751377,48
-118.369418,33.73762,12
-117.927137,34.178321,6
-123.769189,42.696123,NA
-122.106796,37.45956,NA
-118.095442,34.184842,811
-122.607597,37.909939,250
-122.644673,37.928892,NA
-116.940665,32.731736,132
-117.064959,32.551491,179
-117.042777,32.840242,187
-115.024688,36.108462,107
-97.686319,30.403301,2
-111.88815,34.58498,NA
-117.57031,33.42007,NA
-98.82349,30.49667,10
-122.486122,37.909771,267
-122.552,38.617569,25
-122.2817,37.473038,5
-117.252541,33.008795,3
-117.252498,33.008664,5
-97.034386,30.810172,7
-122.6102,37.92903,NA
-122.03,40.054167,NA
-118.36583,34.43722,NA
-117.86806,34.1575,NA
-117.8775,34.16333,NA
-117.88833,34.15611,NA
-117.87833,34.1575,NA
-117.85,34.16083,NA
-118.79678,35.111183,NA
-118.82015,35.138089,NA
-120.36132,35.24438,NA
-120.26558,35.28461,NA
-120.37122,35.24884,NA
-117.85,34.160833,NA
-117.86806,34.1575,NA
-117.87833,34.1575,NA
-118.36583,34.43722,NA
-117.888333,34.156111,100
-122.140792,38.245161,455
-117.87816,34.15353,1000
-116.5759,32.88937,NA
-98.19955,29.61765,NA
-122.178731,37.335217,5
-106.49,33.16,100
-118.82015,35.138089,NA
-118.79678,35.111183,NA
-99.86,29.62,NA
-116.9805,33.0929,NA
-121.503152,36.756699,85
-122.178808,37.335489,5
-117.87306,34.15694,NA
-118.730836,34.852459,NA
-122.139348,37.753458,4
-117.87306,34.15694,NA
-99.17247,31.37793,NA
-117.33859,33.39889,NA
-119.0385,34.161333,100
-123.160168,40.834477,NA
-118.73083,34.852458,NA
-98.805263,30.511996,3
-97.519911,32.764494,NA
-122.543324,37.940837,5
-123.321614,39.643659,607
-114.657372,36.833313,NA
-115.263245,36.332065,NA
-115.31466,36.347065,NA
-115.303322,36.352493,NA
-115.220731,36.328611,NA
-115.215323,36.327632,NA
-115.21986,36.328688,NA
-115.275404,36.341979,NA
-115.167818,36.311918,NA
-114.657082,36.834261,NA
-115.207748,36.3254,NA
-115.218479,36.328066,NA
-123.657187,42.158262,NA
-123.697004,42.097498,NA
-115.311044,36.350605,NA
-115.288937,36.353491,NA
-118.095517,34.18598,NA
-122.612328,37.964831,NA
-97.869928,30.484978,5
-119.769203,35.442411,NA
-122.612328,37.964831,NA
-122.612355,37.964832,NA
-116.882926,32.815109,NA
-122.092137,37.556846,NA
-117.23966,32.69741,NA
-117.317894,34.188599,NA
-117.36705,33.33501,NA
-116.853186,32.832727,NA
-122.232813,37.397241,NA
-117.023706,32.673049,NA
-159.675,21.9951,NA
-111.133283,33.263314,NA
-117.80543,33.627662,NA
-120.188076,35.193421,NA
-112.041477,33.416713,NA
-111.133283,33.263314,NA
-117.314767,34.189067,NA
-117.15611,33.075,NA
-117.35725,33.36224,NA
-116.82616,32.56306,NA
-117.28814,33.17042,NA
-111.133283,33.263314,NA
-122.35308,37.52036,NA
-116.85653,32.828326,NA
-122.612215,37.96446,9
-122.612249,37.964624,14
-117.72878,34.24322,NA
-117.74769,34.27043,NA
-98.8657,31.89315,NA
-117.3063,33.16906,NA
-118.739167,34.034847,NA
-98.079583,29.84465,NA
-122.615744,37.9549,NA
-116.59566,33.03543,NA
-118.095442,34.184842,811
-118.097701,34.182088,432
-119.207969,36.919743,NA
-114.805879,36.747302,NA
-112.099049,34.22937,NA
-112.038663,34.299913,NA
-117.06315,33.972133,NA
-118.75341,34.044628,5
-117.05918,32.80021,NA
-99.337897,31.110944,3
-117.043,32.661,NA
-117.08744,32.65727,NA
-99.337942,31.111035,NA
-117.50339,33.35389,NA
-117.5034,33.3539,NA
-121.793332,36.700459,16
-99.782408,29.236339,NA
-98.055861,30.291542,NA
-117.82833,33.60583,NA
-98.5405,29.98139,NA
-100.99892,29.671,NA
-117.38259,33.25242,NA
-117.23624,33.00025,NA
-117.24136,32.81626,NA
-99.474637,29.213835,NA
-97.90497,32.23419,NA
-116.858843,32.828245,NA
-97.80703,32.243998,3
-117.4783,33.3557,NA
-118.431345,33.969379,193
-121.724722,39.789722,NA
-118.34278,33.82611,NA
-116.93594,33.93297,NA
-122.19,38.13,NA
-116.79394,33.11401,NA
-117.22528,33.07389,NA
-117.1084,33.07231,NA
-117.12207,33.00156,NA
-117.47834,33.35569,NA
-99.96104,29.96913,1000
-114.7181,36.767,NA
-97.810097,32.248171,NA
-122.612222,37.959141,5
-121.827846,37.533024,47
-118.096756,34.178874,NA
-122.442098,37.690067,5
-118.773751,34.18771,31
-120.977778,38.939167,NA
-116.50719,32.70789,NA
-98.14347,29.6407,NA
-116.50715,32.70788,NA
-117.31253,33.11879,NA
-117.0477,33.16905,NA
-117.29506,33.07736,NA
-98.143467,29.6407,NA
-117.423728,33.604977,910
-118.173418,34.193299,NA
-118.096021,34.181353,5
-118.092381,34.180561,NA
-104.44632,32.07688,NA
-112.069252,34.848782,NA
-116.33839,33.25719,NA
-117.86667,34.195,NA
-117.86667,34.195,NA
-116.3384,33.2572,NA
-116.33838,33.25724,NA
-118.9678,34.9152,NA
-116.33838,33.25724,NA
-117.24757,32.8647,NA
-117.13824,32.7214,NA
-117.29389,33.08389,NA
-116.97347,32.68616,NA
-116.67087,32.99772,NA
-114.730281,36.722542,13
-117.825402,33.566083,NA
-111.78843,33.65475,NA
-122.523333,39.581667,NA
-117.74033,33.79739,NA
-116.8705,32.74989,NA
-117.322306,34.184417,NA
-117.322056,34.184861,NA
-117.315056,34.195,NA
-117.323611,34.186389,NA
-116.87047,32.7499,NA
-117.24978,32.88824,NA
-117.40533,33.2217,NA
-117.56691,34.149587,199
-121.951996,37.916092,47
-122.227165,37.890739,17
-118.54595,34.136192,NA
-122.085165,37.288878,NA
-112.278214,34.917866,NA
-121.471389,39.653056,NA
-121.755,39.745833,NA
-119.18589,34.99031,NA
-118.71,34.08,NA
-119.84,34.82,NA
-119.84,34.82,NA
-121.706607,37.586673,NA
-117.862249,33.960246,NA
-117.11532,33.2208,NA
-118.19195,34,NA
-118.48277,33.44258,200
-122.21,38.05,NA
-118.482774,33.442579,NA
-118.295278,34.206389,NA
-118.40444,34.32444,NA
-118.44333,34.3325,NA
-118.443333,34.3325,NA
-98.82044,30.10199,NA
-118.443333,34.3325,NA
-116.85194,32.66222,NA
-117.14902,32.93398,NA
-97.735068,30.262985,800
-97.873049,30.183673,80
-104.354717,32.28805,NA
-112.0598,34.6905,NA
-117.15635,33.501834,381
-120.983372,35.768144,NA
-99.792251,29.1845,NA
-118.46861,34.37167,NA
-118.47472,34.32944,NA
-118.49222,34.33222,NA
-120.98336,35.76814,NA
-118.345,34.28056,NA
-118.345,34.280556,NA
-116.834611,33.142389,NA
-118.47472,34.32944,100
-118.49222,34.33222,NA
-118.468611,34.371667,1000
-120.05,35.03,NA
-122.11,38.5,NA
-120.98,35.77,NA
-116.95424,32.85312,NA
-116.83456,33.14245,NA
-117.1416,32.6377,NA
-120.983372,35.768144,NA
-121.516,39.3943,NA
-121.515556,39.394444,NA
-121.028889,38.750278,NA
-122.52,38.978056,NA
-117.95611,33.63667,NA
-116.82114,33.72464,NA
-118.44222,34.37694,NA
-118.44667,34.35833,NA
-118.36972,34.26611,NA
-116.801889,33.061389,NA
-116.82114,33.72463,NA
-118.44667,34.35833,NA
-118.44222,34.37694,1000
-116.81454,33.70039,NA
-118.36972,34.26611,NA
-116.8,33.06,NA
-121.52,39.39,NA
-112.020869,34.772335,NA
-117.15269,32.65458,NA
-116.80191,33.06144,NA
-116.55186,32.65113,NA
-116.48952,32.58985,NA
-116.42069,32.59914,NA
-117,33,NA
-121.51556,39.394447,NA
-117.1,33.23,NA
-121.803,40.3861,NA
-121.802778,40.383611,NA
-121.8,40.39,NA
-116.62988,33.03927,NA
-116.796111,32.877222,NA
-98.02353,30.507459,NA
-122.082498,38.51986,NA
-117.94583,34.13417,NA
-119.25958,34.22555,NA
-117.945833,34.134167,1000
-117.714167,33.46,9
-117.1443,32.7384,NA
-117.3277,33.26167,NA
-121.719,39.8038,NA
-122.342778,38.957222,NA
-121.718889,39.803889,NA
-122.4863,39.070647,NA
-116.80939,32.89669,NA
-117.88778,34.16222,NA
-117.50781,33.39461,NA
-121.718917,39.803833,NA
-117.887778,34.162222,NA
-97.60864,31.23968,NA
-117.329444,34.183333,1000
-117.318222,34.189472,800
-112.122318,36.054671,NA
-117.1413,32.7368,NA
-116.79403,32.93799,NA
-117.11301,32.98078,NA
-117.50777,33.39457,NA
-116.80936,32.89668,NA
-116.78842,32.95161,NA
-117.32482,33.37854,NA
-117.0219,32.8237,NA
-111.2025,33.88715,NA
-121.71889,39.803886,NA
-112.004,34.7541,NA
-112.315,33.3776,NA
-112.315,33.3776,NA
-121.72,39.803056,NA
-121.880833,40.244722,NA
-121.876944,40.216389,NA
-117.75556,34.2575,NA
-118.76725,35.07661,NA
-122.08,37.29,NA
-113.345278,37.156944,NA
-118.71,34.08,NA
-116.58052,32.89206,NA
-116.7644,32.755,NA
-111.964233,33.897517,NA
-111.964833,33.898139,NA
-122.313333,38.619722,50
-117.74975,33.77107,NA
-117.74975,33.771067,NA
-98.31427,31.23997,NA
-122.1848,38.3711,NA
-116.97327,32.9385,NA
-117.12833,33.08389,NA
-117.29222,33.31833,NA
-117.08139,32.71083,NA
-117.5534,33.38691,NA
-117.5498,33.41163,NA
-117.35159,33.38007,NA
-117.365802,33.718936,61
-119.803333,34.810556,NA
-117.72806,33.83583,NA
-117.01222,32.85889,NA
-117.728056,33.835833,1000
-122.12,38.23,NA
-121.72,39.8,NA
-117.14359,32.73211,NA
-117.00639,32.97932,NA
-116.93613,33.21824,NA
-116.58352,32.67686,NA
-117.00653,32.97923,NA
-117.2491,33.4233,NA
-117.14283,32.72393,NA
-117.19677,32.81083,NA
-116.89609,32.77726,NA
-101.8914,33.6239,NA
-111.784806,34.869056,NA
-116.62083,33.62083,NA
-116.620833,33.620833,400
-111.784806,34.869056,NA
-117.33628,33.31509,NA
-117.24698,33.44328,NA
-117.39419,33.45664,NA
-116.620833,33.620833,NA
-116.83365,33.24895,NA
-116.6858,32.984,NA
-116.92126,33.39928,NA
-117.94361,34.13667,NA
-98.023614,30.506741,200
-117.47482,33.30302,NA
-98.023439,30.506584,200
-117.4153,33.4435,NA
-117.3775,33.2608,NA
-117.37815,33.42544,NA
-106.143833,32.396833,NA
-109.6375,31.357778,NA
-122.107861,38.595556,NA
-122.342639,38.9585,NA
-118.89553,34.52222,NA
-118.31402,34.20366,NA
-99.80403,30.44436,NA
-118.7,34.03,1000
-122.47,38.37,NA
-111.830972,34.814556,NA
-117.49169,33.49817,NA
-116.8625,32.61639,NA
-117.27584,33.24587,NA
-116.83224,33.17392,NA
-117.55191,33.4519,NA
-117.47218,33.47035,NA
-116.74806,32.67056,NA
-116.92154,33.06246,NA
-116.67278,32.6775,NA
-117.19639,33.13361,NA
-117.2583,33.0003,NA
-117.0695,32.8477,NA
-117.46127,33.45152,NA
-116.68379,32.59644,NA
-116.67575,32.68232,NA
-118.89553,34.52222,NA
-113.4868,37.1521,NA
-112.696,33.9322,NA
-118.83667,34.90639,NA
-98.1432,29.6402,NA
-116.57,32.9,NA
-116.6714,33.0302,NA
-116.56654,32.8976,NA
-116.8786,32.9156,NA
-98.143333,29.640278,NA
-118.784824,36.515904,53
-113.582778,34.906389,NA
-113.288,34.328,NA
-117.19722,33.62278,NA
-100.44492,30.29028,NA
-117.2424,32.677,NA
-118.89,34.04,NA
-117.1477,33.1296,NA
-116.7719,32.6867,NA
-116.88417,32.97722,NA
-116.7603,32.7078,NA
-117.2424,32.677,NA
-116.9931,33.1067,NA
-116.9664,32.9775,NA
-116.9812,33.0128,NA
-117.1533,33.0044,NA
-117.1544,32.7822,NA
-100.444917,30.290278,NA
-121.461667,39.768333,NA
-117.7175,34.13611,NA
-121.461722,39.768389,NA
-121.461722,39.768389,NA
-119.98,34.79,NA
-117.18348,32.84209,NA
-116.905,32.8794,NA
-117.0886,32.5394,NA
-116.87119,32.91125,NA
-116.5369,32.6375,NA
-117.4475,33.2914,NA
-116.8406,32.8811,NA
-116.9103,32.84917,NA
-116.8597,33.1103,NA
-114.465534,36.603564,969
-121.46166,39.768333,NA
-122.551667,39.382222,NA
-117.089817,32.615377,601
-117.1105,32.6138,NA
-117.1333,32.8022,NA
-117.1105,32.6138,NA
-111.728333,33.979889,NA
-97.0131,30.2339,NA
-111.87,33.44,NA
-120.14582,34.48055,NA
-111.87,33.44,NA
-100.966236,30.910565,374
-97.013,30.234,NA
-101.80361,30.46667,NA
-117.1786,32.9517,NA
-117.1325,32.7325,NA
-117.24333,32.67736,NA
-117.2533,32.9531,NA
-117.1159,32.8313,NA
-117.1423,33.2613,NA
-98.7072,29.531333,NA
-98.7072,29.5198,NA
-121.740209,39.794895,6
-121.739098,39.800127,5
-120.829465,38.290365,5
-117.28806,33.09278,NA
-118.34639,33.73889,NA
-116.84361,33.74111,NA
-117.225,33.63889,NA
-117.36111,33.70528,NA
-120.64056,35.75222,NA
-117.2155,32.8855,NA
-118.94,34.05,160
-117.2155,32.8855,NA
-116.91667,32.625,NA
-117.1536,33.119,NA
-117.07401,32.89939,NA
-117.0994,32.8323,NA
-117.151,33.2499,NA
-116.70583,32.71361,NA
-117.28806,33.09278,80
-117.0211,32.8133,NA
-117.0787,32.5397,NA
-122.160835,38.024445,100
-98.7072,29.5198,NA
-98.7072,29.5198,NA
-117.288056,33.092778,NA
-119.590278,35.006389,NA
-121.096389,38.537222,NA
-121.972291,40.107537,4
-117.25417,32.96806,NA
-120.2625,35.16889,NA
-120.36639,35.13278,NA
-120.28639,35.42028,NA
-117.30139,33.74333,NA
-117.24278,33.73944,NA
-119.590278,35.006389,NA
-117.0256,32.8114,NA
-116.8195,33.16,NA
-117.25417,32.96806,80
-117.126,32.5723,NA
-98.616667,30.25,NA
-119.590278,35.006389,50
-118.42189,32.83319,NA
-118.42189,32.83319,NA
-116.78388,33.2275,NA
-123.1,38.44,NA
-116.93333,32.91917,NA
-117.0682,32.7369,NA
-117.23,32.9658,NA
-119.2561,34.4784,400
-111.315,33.86914,NA
-117.064516,32.843005,61
-111.3146,33.86914,NA
-111.213,33.7767,NA
-117.02417,32.84583,NA
-111.213333,33.776667,NA
-117.2285,32.8536,NA
-117.02417,32.84583,402
-118.916667,34.485,NA
-113.9596,36.2579,969
-117.31861,33.14306,NA
-117.80367,33.5775,NA
-116.80083,32.77222,NA
-116.89778,32.75528,NA
-118.91667,34.485,NA
-119.18444,34.99528,NA
-118.916667,34.485,NA
-119.184444,34.995278,100
-117.2525,32.94678,NA
-117.1319,32.7956,NA
-118.91667,34.485,NA
-116.9288,32.7217,NA
-117.0581,32.9623,NA
-116.80083,32.77222,NA
-116.89778,32.75528,NA
-117.31861,33.14306,80
-117.0581,32.9623,NA
-114.045357,36.535171,500
-118.916664,34.485,NA
-122.21694,37.990833,10
-111.511133,33.948617,NA
-121.713889,39.805833,201
-116.89639,33.13556,NA
-116.88139,32.60667,NA
-120.60472,34.68333,NA
-116.89639,33.13556,80
-116.6901,32.81,NA
-116.88139,32.60667,NA
-122.7592864,43.9181561,NA
-111.511133,33.948617,NA
-116.89167,33.79167,NA
-116.883333,33.783333,NA
-116.6654,33.0989,NA
-112.0982,34.22813,NA
-100.89921,29.50806,NA
-117.2429,32.67728,NA
-117.242901,32.677275,NA
-99.467222,29.223889,NA
-117.4503,33.78247,NA
-112.716,32.9478,NA
-118.59861,34.50833,NA
-118.598611,34.508333,NA
-117.450167,33.782483,NA
-101.8,30.466667,NA
-101.583333,30.716667,NA
-116.9707,33.1026,NA
-117.2436,32.66998,NA
-117.24278,32.70528,80
-118.59861,34.50833,NA
-117.45016,33.78248,NA
-111.1933,33.8922,NA
-110.737,32.9258,NA
-116.76917,32.82472,NA
-116.78361,32.57806,NA
-122.064722,40.421944,NA
-116.79972,32.56278,NA
-116.78861,32.56722,NA
-116.8375,32.8475,NA
-116.85056,32.665,NA
-116.78361,32.57806,NA
-116.788611,32.567222,NA
-98.026707,29.603029,64
-118.69,34.03,100
-112.03442,34.38103,NA
-111.78324,34.46283,NA
-116.78861,32.56722,NA
-116.8375,32.8475,NA
-116.78361,32.57806,NA
-116.76917,32.82472,NA
-116.85056,32.665,NA
-116.78361,32.57806,NA
-116.78889,32.56722,NA
-120.48889,40.94722,NA
-122.05139,40.416943,NA
-113.582266,34.663189,NA
-116.73694,32.87222,NA
-117.568889,33.465278,NA
-118.31607,34.32266,NA
-116.77917,32.83194,NA
-116.76,32.81611,NA
-116.73694,32.87222,NA
-122.398333,39.027222,NA
-122.38472,39.0175,NA
-120.55833,35.04667,NA
-120.558333,35.046667,NA
-111.9431,33.45917,NA
-111.94306,33.45917,NA
-101.75227,30.45922,NA
-98.16917,29.0975,NA
-98.45056,29.32917,NA
-117.24472,32.69722,402
-117.10087,33.22518,160
-98.16933,29.09812,NA
-117.245,32.6972,1000
-122.4,37.53,NA
-118.64,34.16,301
-116.74528,32.87278,NA
-117.24472,32.69722,402
-122.644333,38.42195,NA
-118.64306,34.40639,NA
-98.415973,30.271685,414
-122.64,38.42,NA
-118.167111,34.174222,NA
-111.1612,33.67538,NA
-118.195639,34.16175,NA
-111.1753,33.26432,NA
-120.481333,34.88185,NA
-122.155278,38.498611,NA
-103.55,29.65,NA
-104.01667,32,NA
-104.01667,32,NA
-109.51595,31.38158,NA
-122.866667,39.116667,NA
-113.6764,36.9106,969
-111.507,33.7297,NA
-110.525,32.5789,NA
-110.408,32.3334,NA
-100.66667,30.23333,NA
-104.78333,30.75,NA
-99.42917,29.78833,NA
-99.68333,30.05,NA
-100.66667,30.23333,NA
-99.31667,30.3,NA
-99.31667,30.31667,NA
-104.78333,30.75,NA
-120.08,35.1,NA
-113.957778,36.256389,NA
-118.9030238,34.2137722,NA
-120.6804,35.3439,30
-110.119,31.7167,NA
-122.631944,39.889167,402
-100.3,30.86667,NA
-100.31667,30.86667,NA
-102.76667,31.9,NA
-120.6801,35.3442,400
-120.9,38.38,NA
-120.68,35.34,NA
-120.68,35.3442,NA
-122.866667,39.116667,NA
-112.318,32.845,NA
-118.9068209,34.2137132,NA
-101.88333,32.1,NA
-101.775,31.3,NA
-102.73333,31.65,NA
-101.78333,31.3,NA
-120.3513,34.038,500
-104.859679,32.84177,805
-104.464076,32.842686,30
-111.9694872,33.4726233,NA
-116.95778,32.70861,NA
-121.569444,39.697222,402
-117.4375,33.7375,NA
-117.44583,33.73611,NA
-118.30172,34.24558,NA
-118.301722,34.245583,NA
-118.301722,34.245583,NA
-121.57,39.7,402
-104.464076,32.842686,30
-104.464076,32.842686,30
-118.301722,34.245583,NA
-121.5676843,39.6917097,804.67
-121.5676843,39.6917097,804.67
-118.30167,34.245556,NA
-123.133543,38.620219,NA
-120.682956,35.33804,1
-117.26667,33.045,NA
-122.363611,39.010833,31
-120.6837092,35.3389137,1000
-120.06,35.07,NA
-120.62,37.94,NA
-113.974167,36.688611,NA
-123.634665,42.657456,201
-117.44861,34.01667,NA
-120.68286,35.345399,600
-111.94,33.42,200
-102.83333,30.83333,NA
-99.83333,30.13333,NA
-102.26667,31.13333,NA
-101.180334,30.712653,389
-117.84417,34.15486,NA
-117.844167,34.154861,NA
-104.31983,32.21167,NA
-99.91667,30.23333,NA
-99.85,30.5,NA
-100.43333,30.53333,NA
-99.326389,31.14639,NA
-98.101111,29.94083,NA
-105.056309,32.057475,969
-104.694355,32.245365,473
-121.57,39.65,969
-123.33,41.26,969
-122.21,40.37,500
-101.85,30.8,NA
-101.796345,30.707463,936
-122.539444,39.810833,201
-118.29444,33.76944,NA
-118.922,35.65483,NA
-119.3665,34.0142,400
-120.39,35.01,NA
-122.59956,37.924728,500
-120.5,37.91722,NA
-120.3,37.93,969
-104.304,32.449,285
-118.69063,34.04488,208
-112.3342,33.9058,NA
-99.83,30.45,NA
-117.811667,33.57,NA
-121.713056,40.190556,402
-116.54361,33.14583,NA
-117.051944,33.435833,NA
-99.114743,29.733342,29
-116.54361,33.14583,80
-115.36432,35.96046,NA
-119.2836,34.2722,400
-116.54531,33.14669,NA
-100.962406,30.663811,39
-119.762,34.632,1000
-116.55,33.15,NA
-116.5453,33.1467,NA
-111.857,34.8401,969
-111.857,34.8401,969
-119.1611,34.124,500
-117.87,33.64833,NA
-117.324389,34.188278,220
-117.066667,33.908333,NA
-122.489057,38.435674,790
-117.06667,33.90833,NA
-117.324389,34.188278,220
-122.183056,40.265833,805
-118.455833,34.450556,NA
-118.680556,34.588333,NA
-122.055905,40.3390941,804.67
-122.187907,40.2663942,804.67
-118.68055,34.58833,NA
-110.88778,32.13417,NA
-118.849,34.4566,750
-106.488889,31.913889,NA
-108.422768,31.721716,212
-106.4875,31.920833,NA
-106.775533,32.290097,30
-110.715,32.8675,NA
-120.6,35.316667,NA
-116.8674,32.76911,241
-122.064167,40.336389,201
-120.916667,37.3,NA
-117.14,33.605,NA
-117.0066057,33.4379924,1000
-118.4483,33.4247,500
-118.454674,33.425731,NA
-106.480556,31.926389,NA
-117.71611,33.79083,NA
-116.70412,32.67876,402
-118.415631,33.362664,NA
-97.9,29.9,NA
-121.116247,35.591915,721
-119.87548,34.02343,160
-117.42083,33.23889,NA
-118.47,34.17,NA
-97.9,29.9,NA
-119.8766768,34.0220557,1000
-121.041,35.895,600
-121.387,36.087,1000
-104.55,31.86,NA
-104.546167,31.855333,NA
-122.508026,38.443019,357
-121.082357,35.691971,50
-117.26806,33.38333,NA
-117.25,33.88333,NA
-121.9195879,37.8755111,173.81
-117.2416,32.6773,1000
-116.71507,33.00349,402
-117.27167,33.88722,NA
-120.058333,34.741667,NA
-122.099444,38.5025,NA
-116.57333,32.84333,NA
-116.57575,32.84503,402
-117.24534,32.6739,200
-119.22,35.73,NA
-118.7492,36.1496,500
-119.4615,33.228,1000
-117.50964,33.5701,NA
-119.49501,33.2389,NA
-120.44505,35.19166,165
-119.4305667,34.0115592,1000
-119.43158,34.01199,531
-120.7807154,35.6929038,1000
-120.7387153,35.7669022,1000
-119.556,33.2603,1000
-119.4299,34.0116,750
-119.55704,33.26013,NA
-119.4299,34.0116,NA
-119.53782,33.25195,643.74
-123.1151946,44.2789322,805
-111.226,33.415,700
-117.83333,33.93333,NA
-120.759985,38.622508,NA
-120.683,35.264,NA
-97.75,30.333333,NA
-116.9046,32.6962,804
-117.75,33.876944,NA
-117.74675,33.79288,160
-102.31667,31.4,NA
-117.25391,33.00975,NA
-117.26555,33.00227,NA
-97.781042,30.368812,494
-117.175,33.46056,NA
-118.417725,33.324112,NA
-117.79583,34.05139,NA
-120.6137,34.7897,500
-113.018092,31.943781,1000
-106.478638,32.375324,NA
-100.61666,30.9,NA
-121.033333,38.616667,NA
-116.9546052,33.5089907,1000
-119.486,33.255,1000
-121.19,38.65,NA
